Var1_1,Var1_2,s
0.4270576,-1.205741,BrC=CC1=CC=CC=C1
0.225507,-1.213944,C(=O)O[C@@](C)(CC[C@]([H])1C(C)(C)[C@H]2C3)[C@@]13CC[C@H]2C
0.3924282,-1.331462,C(C)(C)C1=CC=C(C=C1)C(CO)C
0.5781722,-1.369118,C(CCCCC)C=1C=CC(=NC1)C
0.3473862,-1.489934,C/C(C(OCC)=O)=C\C(C)C
0.3832777,-1.528119,C/C(C1CCC(C)=CC1)=C\CC=C(C)C
0.2688238,-1.318729,C/C(C=O)=C\C1=CC=CC=C1
0.2901967,-0.955402,C/C(CC/C=C(C)/C=O)=C\C/C=C(C)/C=C
0.5827048,-1.287586,C/C(CC/C=C(C)/C=O)=C\CCC(C=C)=C
0.360176,-1.274394,C/C(CCC1=CC=CC=C1)=C/C#N
0.1823592,-1.091872,C/C(CCC=C(C)C)=C/C=C
0.2870818,-1.217104,C/C(CCC=C(C)C)=C/CO
0.2562473,-1.280829,C/C(CCC=C(C)C)=C/COC(C)=O
0.2145783,-1.317179,C/C(CCC=C(C)C)=C\C=C
0.3160622,-1.514674,C/C(CCC=C(C)C)=C\CCC(C)OC(C)=O
0.1809274,-1.469857,C/C(CCC=C(C)C)=C\COC(C)=O
0.1624161,-1.460854,C/C(CCC=C(C)C)=C\COC(CC1=CC=CC=C1)=O
0.2232146,-1.362901,C/C(CCC=C(C)C)=C\COC=O
0.2291323,-1.051586,C/C/1=C/CC(C)(C)/C=C\\CC2(C)C(CC1)O2
0.2706197,-1.070992,C/C1=C\CC(C)(C)/C=C/C/C(C)=C/CC1
0.6458827,-1.017263,C/C1=C\CC/C(C)=C/CC(C(C)C)(O)CC/C(C)=C/CC1
0.3040314,-1.387651,C/C=C(C(OCC)=O)\C
0.22896,-1.382367,C/C=C(C(OCC1=CC=CC=C1)=O)\C
0.2836257,-1.340663,C/C=C(C(OCCC(C)C)=O)\C
0.3343355,-1.415244,C/C=C(C(OCCCCCC)=O)\C
0.3189079,-1.047372,C/C=C(C)/C=C/C=C(C)C
0.5360364,-1.212789,C/C=C/C1=CC=C(OC)C=C1
0.3906721,-1.006831,C/C=C/C1=CC=C(OCC2=CC=CC=C2)C(OC)=C1
0.5878347,-1.084255,C/C=C/C1=CC=C(OCC=C(C)C)C=C1
0.3981794,-1.267797,C/C=C/CCCCCCCC(OC)=O
0.3273287,-1.374816,C/C=C/SC
0.1750221,-1.460864,C/C=C\C(C=C(OC)C(OC)=C1)=C1OC
0.1701244,-1.194115,C/C=C\C1=CC=C(OC)C(OC)=C1
0.3150321,-1.293098,C/C=C\CCC=O
0.2684433,-1.324144,C/C=C\CCCO
0.4233961,-1.270103,C1(=CC=CC=C1)C(CCC=C)=O
0.5013799,-1.362539,C1(=CC=CC=C1)C=CC(=O)OCCCCC
0.3055684,-1.161812,C1(C=CC=C2)=C2C=CC=C1
0.1873536,-1.287222,C1(C=CC=C2)=C2CC3C1OCOC3
0.3458666,-1.076725,C1(C=CC=C2)=C2N=CC=C1
0.4588976,-1.103316,C1(C=CC=C2)=C2NC=C1
0.4320753,-1.33192,C1(C=CC=CC=1)C2CC2
0.2104224,-1.328984,C1(CC2=CC=CC=C2)=CC=CC=C1
0.2742693,-1.413317,C1(CCCC1)=CCCCCC=O
0.5050507,-1.337888,C1(CCCC2=CC=CC=C2)=NC=CC=C1
0.3741012,-1.11935,C1(CCCC2=CC=CC=C2)CCCO1
0.3185264,-1.149092,C1(CCO2)=C2C=CC=C1
0.3009243,-1.178594,C1(COCC2=CC=CC=C2)=CC=CC=C1
0.2499126,-0.8682342,C1(CSSCC2=CC=CO2)=CC=CO1
0.5487251,-1.082572,C1(OC2=CC=CC=C2)=CC=CC=C1
0.3810018,-1.284686,C1(OC=N2)=C2CCCCCCCCCC1
0.2948565,-1.358407,C1(OCCC2)=C2CCCCCCCCCC1
0.5580599,-1.074498,C1(SC=N2)=C2C=CC=C1
0.1725814,-1.121755,C12/C=C/CCCCCCCCC1COC2
0.3872631,-1.160826,C1C=CC2C1C3CC2CC3O
-0.1276478,-1.173895,C1C[C@@H]2C[C@@H]1[C@@H]1CCC[C@@H]21.*CO.*CO
0.35555,-1.005853,C=C(/C=C/C(C(C)C)CC1)CC/C=C1/C
0.203379,-0.8891007,C=C(C(C(C)=O)C)C(C)C(C)(C)C
0.3957612,-1.205851,C=C(C(CCC=C)=O)C1CCCCC1
0.4536273,-1.409229,C=C(C)C(COC(C)=O)CC=C(C)C
0.3608423,-1.22068,C=C(C)C1CCC(C=O)=CC1
0.5585008,-1.25447,C=C(C)CCCC(C)=CCC(C=O)C
0.1902789,-1.496509,C=C(C)CCCC(C)CCO
0.292417,-1.223635,C=C(C)[C@@H]1CC[C@@H](C)CC1OC(C)=O
0.6052903,-1.501606,C=C(C)[C@H](CC(C(C)=CO1)=C1C2)[C@]2(C)C=C
0.2785595,-1.19979,C=C(C)[C@H]1CCC(CO)=CC1
0.4735704,-1.355257,C=C(CC1)C2C(C)(C)C1C2
0.370305,-1.054024,C=C(CCC=C(C)C)C1CC=C(CC1)CCC=C(C)C
0.5452368,-1.187607,C=C(CCOC(C)=O)C1=CC=CC=C1
0.5461208,-1.236955,C=C(OC(C)=O)C1=CC=CC=C1
0.4181434,-1.403507,C=C1C2CC3[C@@]1(CC[C@@H](C(C)C)C3C2)C
0.4111839,-1.568331,C=C1C2CCC(C1(C)CCC3)C2C3(C)C
0.4189626,-1.479033,C=C1CC=C[C@]2(C)[C@]1([H])CC(C(C)=CO3)=C3C2
0.2170963,-0.9609973,C=C1CCC/C(C)=C/CC(C)(C)/C=C/C1
0.4877447,-1.04705,C=C1C[C@@H](O[C@@H](C1)C)C2=CC=CC=C2
0.3813857,-1.191242,C=C1[C@@H](O)C[C@@H](C(C)=C)CC1
0.6295779,-1.327463,C=C1[C@@H]2CC[C@H]([C@@]1(C)CC/C=C(C)\CO)C2
0.3218099,-1.30864,C=C1[C@@H]2C[C@@H](C3C)C[C@H]1C[C@@H]3[C@H]2OC(C)=O
0.3436935,-1.075067,C=C1[C@@H]2C[C@@H]3C[C@H]1C[C@H]([C@H]2O)C3C
0.3090011,-1.293289,C=C1[C@H](O)C[C@@H](C(C)=C)CC1
0.3900418,-1.418405,C=C1[C@H]2CCC(C)(C)[C@@H]1CC[C@@H](OC)C2
0.5571768,-1.074051,C=CC(C)(OC(N(C)C)=O)CCC=C(C)C
0.3794699,-1.379284,C=CC(C)CCC=C(C)C
0.4124577,-1.302375,C=CC(C)CCC=C(C)CCC=O
0.321071,-1.413706,C=CC(CC(CC(C)C)=O)C
0.1074606,-1.320873,C=CC(CCCC(C)(C)OC(C)=O)=C
0.4299257,-1.287258,C=CC1(C=O)CCC=CC1
0.4368204,-1.188645,C=CC1=CC(OC)=C(O)C=C1
0.5478158,-1.256596,C=CC1=CC=C(O)C=C1
0.4222721,-1.274032,C=CC1=CC=C(OC)C=C1
0.3172402,-1.276207,C=CC1=CC=CC=C1
0.3140891,-1.487768,C=CC=CC#CCCCCC
0.4200092,-1.189835,C=CCC1=CC(OC)=C(O)C=C1
0.367178,-1.316756,C=CCC1=CC(OCO2)=C2C(OC)=C1
0.5710729,-1.272364,C=CCC1=CC=C(O)C=C1
0.4691085,-1.258502,C=CCC1=CC=C(OC)C=C1
0.3246228,-1.173154,C=CCC1=CC=C2C(OCO2)=C1
0.3786023,-1.19169,C=CCC1=CC=CC=C1
0.1423841,-1.236913,C=CCCCCCCC/C=C/CC#N
0.4725179,-1.292363,C=CCCCCCCC=O
0.5085863,-1.273218,C=CCCCCCCCC=O
0.5446574,-1.254072,C=CCCCCCCCCC=O
0.1620148,-1.50209,C=CCCCCCCCCCO
0.1739837,-1.489822,C=CCCCCCCCCO
0.1159128,-1.417265,C=CCCCCCCCCOC(C)=O
0.1552582,-1.203857,C=CCOC(COC1CCCCC1)=O
0.3989863,-1.456597,CC(=CCO)CCC=C(C)C
0.5062692,-1.240991,CC(C#N)(C=C)CC1=CC=CC=C1
0.3556987,-1.477376,CC(C(C(/C=C/C)=O)CC1)=CC1(C)C
0.7959616,-0.9361954,CC(C(C)O)C(C(C(C)(C)C)C)C
0.3228463,-1.180949,CC(C(C)O)CC1=CC=CC=C1
0.2065633,-1.284804,CC(C(C)O)CCCC(C)(C)OC
0.8174793,-1.372397,CC(C(C1=CC(C)=C(C=O)C=C21)(C)C)C(C)C2(C)C
0.4468693,-1.045359,CC(C(C=C(C)C)=O)(C)C=C
0.04332407,-1.281928,CC(C(CC(=CC)C)C)=O
0.007150631,-1.247695,CC(C(CC1)=C(C1C)C2)CCC2C(C)(C)OC(C)=O
0.4646571,-1.092026,CC(C(CC1)CCC1=O)(CC)C
0.03042406,-1.464588,CC(C(CCC1C2OCOC1)=C2C3(C)C)(C3C)C
0.3874241,-1.123921,CC(C(CCCCC)O1)CC1=O
0.4490359,-1.114971,CC(C(CCCCCC)O1)CC1=O
0.5005376,-1.192826,CC(C(OC)OC)C1=CC=CC=C1
0.08294509,-1.204711,CC(C(OCC(C)O)=O)O
0.3975173,-1.293345,CC(C(OCCCC)=O)C
0.5391071,-1.170391,CC(C([N+]([O-])=O)=C1C(C)(C)C)=C(C(C)=O)C(C)=C1[N+]([O-])=O
0.2539987,-1.285962,CC(C)(C)C(CC1)CCC1=O
0.8064005,-1.309923,CC(C)(C)C1=CC2=C(CCC2(C)C)C(C(C)=O)=C1
0.5296206,-1.062884,CC(C)(C)C1=CC=C(C(C)=O)C=C1
0.5143631,-1.150298,CC(C)(C)C1=CC=C(CC(C)C(OCC)OCC)C=C1
0.6509638,-1.023999,CC(C)(C)C1=CC=C(CC(C=O)C)C=C1
0.635592,-1.186827,CC(C)(C)C1=CC=C(CCC=O)C=C1
0.4758998,-1.258034,CC(C)(C)C1=CC=C(CO)C=C1
0.2360346,-1.217314,CC(C)(C)C1C(CCCC1)OCC(O)CC
0.3261122,-1.335876,CC(C)(C)C1CCCCC1=O
0.04874208,-1.188472,CC(C)(C)C1CCCCC1OC(C)=O
0.3192817,-1.317853,CC(C)(C)[C@H]1CC[C@H](O)CC1
0.2008732,-1.157247,CC(C)(C)[C@H]1CC[C@H](OC(C)=O)CC1
0.5397739,-1.211882,CC(C)(C1=CC=C(C=O)C=C1)C
0.4058427,-1.333236,CC(C)(CC1=CN=CC=C1)C
0.4679525,-1.257847,CC(C)(O)CCC1=CC=CC=C1
0.4172718,-1.307394,CC(C)(O)CCC1CCCCC1
0.5069944,-1.345065,CC(C)(O)CCCC(C)C
0.4547128,-1.271298,CC(C)(O)[C@@H]1CCC2=CCC[C@@H](C)[C@]2(C)C1
0.2999784,-1.204202,CC(C)(OC(C)=O)CC1=CC=CC=C1
0.4599943,-1.106622,CC(C)([C@H](CC1)C)[C@@H](/C=C/C(C)=O)[C@@H]1C
0.4741966,-1.318003,CC(C)/C(C)=C/CC(C=O)C
0.3376032,-1.243521,CC(C)=C/C=C/C(C)=O
0.3424297,-1.300492,CC(C)=C1CCC(C)(O)CC1
0.2040993,-1.177746,CC(C)=C1CCC(C)(OC(C)=O)CC1
0.4107439,-1.343921,CC(C)=C1CCC(C)=CC1=O
0.3013181,-1.197839,CC(C)=CC(C(C)(O)C)C=C
0.2588292,-1.458117,CC(C)=CC(C)=O
0.2351168,-1.569239,CC(C)=CC(SC(CC)C)=O
0.3095178,-1.489418,CC(C)=CCC(C(C)=C)CO
0.3643615,-1.337024,CC(C)=CCC(C(OC)OC)(C)C
0.413118,-1.297522,CC(C)=CCC(C)(C(O)CC)C=C
0.4791464,-1.278144,CC(C)=CCC/C(C)=C/C(OC)OC
0.5148403,-1.307347,CC(C)=CCC/C(C)=C/C=O
0.5316026,-1.046439,CC(C)=CCC/C(C)=C/CC/C(C)=C/CO
0.5510252,-1.220518,CC(C)=CCC/C(C)=C/CCC(C)=CCCC(C=C)(O)C
0.5138283,-1.181853,CC(C)=CCC/C(C)=C/CCC(C=C)(O)C
0.4803543,-1.2195,CC(C)=CCC/C(C)=C/CCC(C=C)=C
0.6194068,-1.301038,CC(C)=CCC/C(C)=C/CCC(C=O)C
0.447887,-1.276023,CC(C)=CCC/C(C)=C/CCC1=COC=C1
0.2711393,-1.148402,CC(C)=CCC/C(C)=C/COC(/C(C)=C/C)=O
0.2869409,-1.103628,CC(C)=CCC/C(C)=C/COC(/C=C/C)=O
0.301262,-1.366339,CC(C)=CCC/C(C)=C/COC(C(C)C)=O
0.3307773,-1.398737,CC(C)=CCC/C(C)=C/COC(CC(C)C)=O
0.4571807,-1.322548,CC(C)=CCC/C(C)=C/COC(CC)=O
0.4443541,-1.334176,CC(C)=CCC/C(C)=C/COC(CCC)=O
0.4866498,-1.456019,CC(C)=CCC/C(C)=C\C=O
0.5367977,-1.456839,CC(C)=CCC/C(C)=C\CCC(O)(C)C=C
0.4841258,-1.4519,CC(C)=CCC/C(C)=C\CCC(OC(C)=O)C
0.3056262,-1.273118,CC(C)=CCC/C(C)=C\COC(/C=C/C)=O
0.4207968,-1.413651,CC(C)=CCCC(C)(O)C
0.4583948,-1.200947,CC(C)=CCCC(C)=CCC=C(C=C)C
0.5115494,-1.352976,CC(C)=CCCC(C)=CCCC(C)=O
0.3756689,-1.308939,CC(C)=CCCC(C)=CCOC(C1=CC=CC=C1)=O
0.3907613,-1.40428,CC(C)=CCCC(C)=O
0.6098765,-1.344348,CC(C)=CCCC(C)C(C=O)=C
0.4969797,-1.318199,CC(C)=CCCC(C)CC(CCC(C)C)=O
0.4902549,-1.371515,CC(C)=CCCC(C)CC(O)=O
0.274703,-1.507768,CC(C)=CCCC(C)CCO
0.1378881,-1.430338,CC(C)=CCCC(C)CCOC(/C(C)=C/C)=O
0.2399198,-1.46113,CC(C)=CCCC(C)CCOC(C)=O
0.2260488,-1.376919,CC(C)=CCCC(C)CCOC(CC(C)C)=O
0.2346261,-1.45661,CC(C)=CCCC(C)CCOC(CC)=O
0.3083715,-1.315186,CC(C)=CCCC(C)CCOC(CC1=CC=CC=C1)=O
0.221553,-1.455513,CC(C)=CCCC(C)CCOC(CCC)=O
0.2544866,-1.398239,CC(C)=CCCC(C)CCOC=O
0.2797194,-1.405469,CC(C)=CCCC(C)CCOCC=O
0.4244272,-1.337517,CC(C)=CCCC(C1=CC=C(C)C=C1)C
0.09303781,-1.101703,CC(C)=CCCC(C=C)(OC(C(C)C)=O)C
0.2001617,-1.164124,CC(C)=CCCC(C=C)(OC(C)=O)C
0.1931206,-1.153246,CC(C)=CCCC(C=C)(OC(CC)=O)C
0.2663549,-1.204751,CC(C)=CCCC(C=C)(OC=O)C
0.4850889,-1.341458,CC(C)=CCCC(C=C)=C
0.4544073,-1.387993,CC(C)=CCCC(CC)(O)C
0.3900461,-1.511026,CC(C)=CCCC(CCO)=C
0.4438597,-1.303344,CC(C)=CCCC1=CCCC(C=O)C1
0.4662033,-1.612359,CC(C)=CCC[C@@H](C)CC#N
0.4938114,-1.363681,CC(C)=CCC[C@H](C)[C@@H](CC1)C=CC1=C
0.2604695,-1.420938,CC(C)=CCOC(C)=O
0.2007951,-1.323467,CC(C)C(C1)CCC(C)C1=O
0.3358094,-1.381011,CC(C)C(C=C1)CCC1=O
0.3610009,-1.36778,CC(C)C(CC1)C=CC1=C
0.3530704,-1.395684,CC(C)C(O)=O
0.3216576,-0.9453416,CC(C)C(O)C(C)(C)COC(C(C)C)=O
0.3110976,-1.358044,CC(C)C(OCCCCCC)=O
0.3117924,-1.322172,CC(C)C1(CC12)CC(O)C2=C
0.3092816,-1.346575,CC(C)C1(CC2)CC1C2=C
0.4949906,-1.310197,CC(C)C1(CC2)CCC2(C)O1
0.395822,-1.297485,CC(C)C1(CC2OC(C)=O)CC1C2=C
0.4038681,-1.384148,CC(C)C1(O)CCC(C)=CC1
0.4226996,-1.271081,CC(C)C12CC1C(C)(O)CC2
0.1371509,-1.258337,CC(C)C1=CC(OCC)=C(C)C=C1
0.359705,-1.296208,CC(C)C1=CC(OCC2=O)=C(OC2)C=C1
0.4860452,-1.260439,CC(C)C1=CC2=C(C=C1)N=CC=C2
0.7753558,-1.040912,CC(C)C1=CC=C(C(C)C=O)C=C1
0.4489394,-1.215736,CC(C)C1=CC=C(C)C(O)=C1
0.2668966,-1.289577,CC(C)C1=CC=C(C)CC1
0.3771626,-1.31693,CC(C)C1=CC=C(C=C1)C(C)CC=O
0.2269696,-1.431389,CC(C)C1=CC=C(C=C1)CC(C)CO
0.6302541,-1.202466,CC(C)C1=CC=C(C=O)C=C1
0.4852591,-1.25948,CC(C)C1=CC=C(C=O)CC1
0.6117622,-1.031581,CC(C)C1=CC=C(CC(C=O)C)C=C1
0.6210481,-1.221378,CC(C)C1=CC=C(CCC=O)C=C1
0.5126744,-1.28783,CC(C)C1=CC=C(CO)C=C1
0.5624504,-1.287471,CC(C)C1=CC=C(O)C=C1
0.3907666,-1.084655,CC(C)C1=CC=CC(C(C)CC=O)=C1
0.4561875,-1.361645,CC(C)C1=CCC(C)=CC1
0.2780536,-1.237883,CC(C)C1CC=C(C)C=C1
0.2226383,-1.303271,CC(C)C1CC=C(C)CC1
0.360268,-1.332836,CC(C)C1CCC(C)=C(O)C1=O
0.2027269,-1.279979,CC(C)C1CCC(C)CC1=O
0.236431,-1.180814,CC(C)C1CCC(OC(C)=O)CC1
0.3021117,-1.411451,CC(C)C1CCC2C(=CCC3C2(CCCC3(C)C(=O)OC)C)C1
0.1868233,-1.353583,CC(C)CC(C)CC(CC(C)COC(C)=O)C
0.5641628,-1.369448,CC(C)CC(C)CCCC(O)C
0.2548853,-1.275078,CC(C)CC(OC(C)=O)CC(C)C
0.03217107,-1.263297,CC(C)CC(OCC(C)C)=O
0.4053554,-1.387993,CC(C)CC(OCC)OCC
0.3308741,-1.427694,CC(C)CC(OCC/C=C\CC)=O
0.1996153,-1.332391,CC(C)CC(OCC1=CC=CC=C1)=O
0.2791952,-1.297648,CC(C)CC(OCCC1=CC=CC=C1)=O
0.5583314,-1.270784,CC(C)CC1=NC(C=CC=C2)=C2C=C1
0.2474004,-1.126332,CC(C)CCCC(C)(OC(C)=O)CC
0.5071941,-1.329025,CC(C)CCCC(C)CC#N
0.3787551,-1.394978,CC(C)CCCC(C)CC=O
0.4817229,-1.221674,CC(C)CCCC(C)CCCC(C)=O
0.248271,-1.395106,CC(C)CCCC(C)CCCC(C)CCC/C(C)=C/COC(C)=O
0.2815289,-1.679459,CC(C)CCCC(C)CCCC(C)CCC/C(C)=C\CO
0.760157,-1.139084,CC(C)CCCC(C)CCCC(C)CCCC(O)(C)C=C
0.2831198,-1.434024,CC(C)CCCC(C)CCO
0.1987945,-1.264357,CC(C)CCCC(C)CCOC(C)=O
0.253419,-1.380169,CC(C)CCOC(C)=O
0.01736671,-1.289965,CC(C)CCOC(CC(C)C)=O
0.2799905,-1.356468,CC(C)CCOC(CC)=O
0.2639239,-1.321715,CC(C)CCOC(CCCCC)=O
0.1891188,-1.405899,CC(C)CCOCC(OCC=C)=O
0.1915677,-1.279327,CC(C)CCOCC1=CC=CC=C1
0.2525021,-1.272,CC(C)CCOCCC1=CC=CC=C1
0.245937,-1.215237,CC(C)COC(C(C)C)=O
0.3452007,-1.240101,CC(C)COC(C1=CC=CC=C1NC)=O
0.2543049,-1.355535,CC(C)COC(CCC)=O
0.4780486,-1.312551,CC(C)COC1=CC2=C(C=C1)C=CC=C2
0.301952,-1.436098,CC(C)COC=O
0.3258567,-1.274994,CC(C)OCCC1=CC=CC=C1
0.2479609,-1.403166,CC(C)OCCO
0.1470369,-1.013655,CC(C)[C@@H]1CC[C@@H](C)C[C@H]1OC(C)=O
0.2781637,-1.154071,CC(C)[C@@H]1CC[C@@H](C)[C@]23[C@@]1([H])[C@@]2([H])C(C)=CC3
0.01083077,-0.8732157,CC(C)[C@@H]1CC[C@@H](C)[C@]23[C@@]1([H])[C@@]2([H])[C@@](C)(O)CC3
-0.03342433,-0.8855827,CC(C)[C@@H]1CC[C@@H](C)[C@]23[C@@]1([H])[C@@]2([H])[C@](C)(O)CC3
0.09466901,-1.246826,CC(C)[C@@H]1CC[C@]2(C)[C@]3([H])[C@@]1([H])[C@H]2C(C)=CC3
0.3635832,-1.201848,CC(C)[C@@H]1[C@@H]2C=C[C@H]([C@H]1C(OCC)=O)C2
0.3919004,-1.425404,CC(C)[C@H](CC[C@@H](C)C1)C1=NO
0.5593967,-1.117609,CC(C)[C@H]1/C=C/[C@@](O)(C)CC/C=C(C)\CC1
0.2763432,-1.317399,CC(C)[C@H]1CC[C@@H](CO)CC1
0.247562,-1.141158,CC(C)[C@H]1CC[C@H](C)C[C@@H]1O
0.2876909,-1.448045,CC(C1(C2(C)C)CC13)(CCC2)CC=C3C
0.5603804,-1.367632,CC(C1(O)CCCC2(C)C)(C)C3CCC12C3
0.5517194,-1.462145,CC(C1)(C)[C@@H]2CCC13C2(CCC=C3C)C
0.2282388,-1.460845,CC(C1)C/C=C/CCCCCCCCCC1=O
0.8484211,-1.251941,CC(C1)CCCCCCCCCCCCC1=O
0.3459477,-1.136411,CC(C1=C(C)C2=CC=CC=C2O1)=O
0.4219854,-1.431768,CC(C1=C)(C)C2CCC1C2
0.3868869,-1.215541,CC(C1=CC(C=CC=N2)=C2C=C1)(C)C
0.3994405,-1.277665,CC(C1=CC=C(C)C=C1)=C
0.3747448,-1.361414,CC(C1=CC=C(C)CC1)=C
0.302331,-1.260243,CC(C1=CC=C(OC(C)=O)C=C1)(C)C
0.3400942,-1.305384,CC(C1=CC=C(OC2)C(OCC2=O)=C1)(C)C
0.2850653,-1.279904,CC(C1=CC=C2C(CCCC2)=C1)=O
0.4068492,-1.298815,CC(C1=CC=CC2=C1C=CC=C2)=O
0.2817974,-1.252881,CC(C1=CC=CC2=C1N=CC=C2)CC
0.2334668,-1.250392,CC(C1=CC=CO1)=O
0.2398159,-1.215562,CC(C1=CN=CC=N1)=O
0.5392836,-1.352984,CC(C1C(/C=C/C)=O)(C)CCCC1=C
0.3461404,-1.315761,CC(C1C(OC)=O)(C)CCCC1=C
0.7734377,-1.289648,CC(C1C)(C)C2=C(C1=O)C=CC=C2
0.2546401,-1.342479,CC(C1CC=C(C)C(OC(C)=O)C1)=C
0.2989052,-1.248549,CC(C1CCC(C)(O)C=C1)=C
0.3914601,-1.376893,CC(C1CCC(C)C(O)C1)=C
0.3428873,-1.349776,CC(C1CCC(C)C(OC(C)=O)C1)=C
0.3444914,-1.370647,CC(C1CCC(O)(C)CC1)=C
0.3320533,-1.3894,CC(C1CCC2C)(C)C3C(C)=CCC12C3
0.1441851,-1.168696,CC(C1CCC2C1)(C)C2COC(C)=O
0.2517917,-1.313406,CC(C1CCCC/C=C\C1)=O
0.430771,-1.312144,CC(C1CCCCC)CCC1=O
0.1406189,-1.297258,CC(C1CCCCCCCCCCC1)=O
0.4892566,-1.350628,CC(C=C)(O)CC/C=C(C)\CC
0.5126688,-1.339601,CC(C=C)(O)CCC=C(C)C
0.4171647,-1.415458,CC(C=C)(O)CCCCC
0.5739867,-1.328908,CC(C=C)(OC(/C=C/C1=CC=CC=C1)=O)CCC=C(C)C
0.2679695,-1.20882,CC(C=C)(OC(C)=O)CCC=C(CC)C
0.2974487,-1.238604,CC(C=C)(OC(C)=O)CCCC(C)C
0.3541765,-1.203955,CC(C=C)(OC(C1=CC=CC=C1)=O)CCC=C(C)C
0.2733403,-1.192141,CC(C=C)(OC(CCC)=O)CCC=C(C)C
0.358795,-1.315512,CC(C=C)=CCC=C(C)C
0.3545698,-1.314099,CC(C=C)=CCCC(C)(O)C
0.2475508,-1.222585,CC(C=C)=CCCC(OC(C)=O)(C)C
0.279013,-1.284977,CC(C=C)CCCC(C)(C)OC(C)=O
0.1402829,-1.24967,CC(C=C1)=CC=C1/C=C(C=O)\CCCCC
0.2202047,-1.283268,CC(C=CC1=CC=CC=C1)=O
0.5573887,-1.324496,CC(C=CC=C(C)CC)(C)O
0.2073889,-1.292949,CC(C=CCC1(C)C)=C1C=O
0.2861516,-1.176136,CC(C=CNC(C=CC=C1)=C1C(OC)=O)CCCC(O)(C)C
0.4329061,-1.267638,CC(C=O)C1=CC=CC=C1
0.3104517,-1.306619,CC(C=O)C1CCC=CC1
0.3238544,-1.253523,CC(C=O)CC1=CC=C2C(OCO2)=C1
0.522907,-1.385201,CC(C=O)CCC=C(C)C
0.4797817,-1.36467,CC(C=O)CCCC(OC)(C)C
0.122635,-1.409775,CC(CC(C)=C1)(C)CC1=O
0.3999225,-1.154044,CC(CC(C)=O)(C)C1=CC=CC=C1
0.3219104,-1.371185,CC(CC(C)CC=O)(C)C
0.07469664,-1.345056,CC(CC(C)O)(O)C
0.36503,-1.261139,CC(CC(CC(C)C)=O)C
0.5037869,-1.36311,CC(CC(CC(C)C)O)C
0.08897176,-1.510356,CC(CC(CC)=C1C)(CC)CC1=O
0.4075992,-1.274107,CC(CC(CC)=NO)CC
0.332243,-1.302816,CC(CC(CC1=CC=CC=C1)O)C
0.3939524,-1.430937,CC(CC(CCO)C)(C)C
0.3716038,-1.173405,CC(CC(OC(C(C)C)=O)C)=C
0.3485086,-1.162969,CC(CC(OC(C)=O)C)(C)C1=CC=CC=C1
0.1430872,-1.511737,CC(CC(OC(C)=O)C1)CC1(C)C
0.4197025,-1.344139,CC(CC(OC)=O)CCC=C(C)C
0.517011,-1.32142,CC(CC)(O)CCCC(C)C
0.3308741,-1.427694,CC(CC)C(OCC/C=C\CC)=O
0.1895109,-1.266403,CC(CC)C1=C(OC)N=CC=N1
0.1080443,-1.341357,CC(CC1)(C)C(CC=CC)=C(C)C1=O
0.575431,-1.505772,CC(CC1)(C)C2=CC(CC)=C(C=O)C=C2C1(C)C
0.1889621,-1.450919,CC(CC1)=C(C/C=C\CC)C1=O
0.406988,-1.387339,CC(CC1)=C(CCCCC)C1=O
0.2770279,-1.369336,CC(CC1)=C(O)C1=O
0.2867103,-1.361659,CC(CC1)=C(OCCCCC)C1=O
0.5534498,-1.312738,CC(CC1)=CC[C@]12C(CCCC2(C)C)=C
0.4380276,-1.367897,CC(CC1)=C[C@@]2([H])[C@@]1(C(CCCC2(C)C)=C)[H]
0.1603422,-1.331902,CC(CC1=CC=CC=C1)O
0.5690203,-1.21949,CC(CC1=O)(C)C(C(C)=C1)=CC=CC
0.3514053,-1.100831,CC(CC1=O)(C)C(C(C)=C1)=O
0.2284791,-1.138831,CC(CC1=O)(C)C(C(OCC)=C)C(C1)(C)C
0.5295719,-1.317367,CC(CC1=O)(CCCC2(C)C)C32C(C1C)C3
0.4472192,-1.295185,CC(CC=C(C)C)(C=O)C
0.3979272,-1.280648,CC(CC=O)C1=CC=CC=C1
0.4174612,-1.250336,CC(CC=O)CCC1=CC=CC=C1
0.6253057,-1.39164,CC(CCC(C)=CC=O)=C(C)C
0.452922,-1.326056,CC(CCC(C)=O)C
0.4134958,-1.220217,CC(CCC(OCC)=O)=O
0.2289141,-1.217975,CC(CCC1=CC=C2C(OCO2)=C1)=O
0.2602207,-1.260033,CC(CCC1=CC=CC=C1)=O
0.2767628,-1.303114,CC(CCC1C(C)C)=CC1=O
0.3868818,-1.257686,CC(CCC=C(C)C)=CC(O)=O
0.1928125,-1.271175,CC(CCC=C(C)C)=CC(OC)=O
0.1437019,-1.395687,CC(CCC=C(C)C)=CCCC(C)=CCOC(C)=O
0.5444977,-1.158969,CC(CCC=C(C)C)=CCCC1=CC=NC=C1
0.3909576,-1.25757,CC(CCC=C(C)C)=CCCC=O
0.4696124,-1.261905,CC(CCC=C(C)C)=CCS
0.2545749,-1.213887,CC(CCC=C(C)C)CCOC(C=C(C)C)=O
0.4279175,-1.362427,CC(CCC=C(CC)C)=CC#N
0.343888,-1.402992,CC(CCC=C(CC1)C)=CCCC(C)=C1C(C)=O
0.6447874,-1.329149,CC(CCCC(C)=O)CCC=C(C)C
0.4504072,-0.8995849,CC(CCCC(C)C)CCCC(C)CCCC(OC(C)=O)(C)C=C
0.4035594,-1.227191,CC(CCCC(C)C=O)(OC)CC
0.4114746,-1.167095,CC(CCCC(C)CC(OCC)OCC)(O)C
0.3660128,-1.330946,CC(CCCC(C=C)=C)(O)C
0.5885237,-1.219325,CC(CCCC(C=O)C)CCC=C(C)C
0.4358476,-1.271924,CC(CCCC(O)(C)C=C)(O)C
0.2444379,-1.338326,CC(CCCC1(C)C)=C1C=O
0.6067975,-1.362574,CC(CCCCCCC)=O
0.3828817,-1.353863,CC(CCCCCCCCCCCC)OCCO
0.1441853,-1.260174,CC(CCCO)(C)OC
0.1347076,-1.293576,CC(CCO)(C)OC
0.3117245,-1.506135,CC(CCO)C
0.2933752,-1.202267,CC(CCO1)CC/C=C\CCC/C=C/CC1=O
0.4447411,-1.364402,CC(CCOC(C(C)C)=O)CCC=C(C)C
0.3736678,-1.161785,CC(CCOC(C(OCC)=O)=O)CCC=C(C)C
0.4858109,-1.492251,CC(CCOC([C@@H](C)O)=O)CCC=C(C)C
0.1364863,-1.159812,CC(CC[C@@]1([H])[C@](O)(C)CC[C@H]2C(C)C)=C[C@]12[H]
0.3124591,-1.435552,CC(CO)=O
0.3186374,-1.510204,CC(CO)C
0.6666312,-1.354816,CC(CO)C1=CC(C(C)(C)C(C)C2(C)C)=C2C=C1
0.3782888,-1.289022,CC(CO)C1=CC=CC=C1
0.2615749,-1.356406,CC(CO)C1CCCCC1
0.3147937,-1.426419,CC(CO)C1CCCCCCCCCCC1
0.3525995,-1.262361,CC(CO)CCCC1=CC=CC=C1
0.2488708,-1.435753,CC(CO)O
0.4682718,-1.120071,CC(COC(C(C)C)=O)C1=CC=CC=C1
0.3683108,-1.401718,CC(COC(C)=O)C
0.4878944,-1.192034,CC(COC(C)=O)C1=CC=CC=C1
0.2095126,-1.290117,CC(COC)CC1=CC=CC=C1
0.2963909,-1.302815,CC(COCCC)OCC(C)O
0.3221367,-1.373678,CC(COCCCC)O
0.4713183,-1.294472,CC(O)(C)CC1=CC=CC=C1
0.5140181,-1.35035,CC(O)(C)CCCC(C)C=C
0.5024072,-1.361693,CC(O)(C)CCCC(C)CC
0.5005531,-1.304135,CC(O)(C)CCCC(C)CC=O
0.4239089,-1.307378,CC(O)(C)CCCC(C)CCO
0.4701116,-1.32817,CC(O)(C)[C@H]1C[C@](C2=C)([H])[C@](C)(CCC2)CC1
0.3655267,-1.444452,CC(O)=O
0.1883342,-1.387313,CC(O)C(O)=O
0.4514956,-1.302128,CC(O)C1=CC=CC=C1
0.6466834,-1.2654,CC(O)C=CC1=CC=CC=C1
0.4300514,-1.290079,CC(O)CCC1=CC=CC=C1
0.4139962,-1.164496,CC(O1)(CCCCCC)CCC1=O
0.3567351,-1.372313,CC(OC(/C=C/C)=O)C1CCCCC1
0.1449575,-1.004783,CC(OC(C)=O)(C)C1CCC(C)(OC(C)=O)CC1
0.1916343,-1.272391,CC(OC(C)=O)(C)C1CCC(C)=CC1
0.1551143,-1.106537,CC(OC(C)=O)(C)C1CCC(C)CC1
0.5015849,-1.205479,CC(OC(C)=O)C1=CC=CC=C1
0.3195505,-1.259306,CC(OC(C)=O)C1CCCCC1
0.4019373,-1.291129,CC(OC(C)=O)CCC1=CC=C(OCO2)C2=C1
0.4139846,-1.348444,CC(OC(C)=O)CCC=C(C)C
0.3172351,-1.354607,CC(OC(C)C)=O
0.3570602,-1.332229,CC(OC(C=C)CCCCC)=O
0.2524236,-1.281477,CC(OC(CC)=O)C1=CC=CC=C1
0.3341359,-1.233345,CC(OC(CCC)=O)(C)CC1=CC=CC=C1
0.4687252,-1.392709,CC(OC(CCCC)O1)CC1(C)C
0.1704712,-1.384686,CC(OC)(C)C1CCC(C)=CC1
0.2829633,-1.356416,CC(OC)(C)CCCC(C)CC=O
0.2891277,-1.366891,CC(OC/C=C(C)\CCC)=O
0.3771006,-1.454765,CC(OC1)OCC1(C2)CCC3=C2CCCC(C)3C
0.2820146,-1.165938,CC(OC1CCOCC1CCCCC)=O
0.4551942,-1.227825,CC(OC=O)(C)CC1=CC=CC=C1
0.4777717,-1.224563,CC(OC=O)(C)CCCC(C)C=C
0.1118597,-1.357831,CC(OCC(CC)C)=O
0.3021643,-1.051051,CC(OCC(COC(C)=O)OC(C)=O)=O
0.3300354,-1.391257,CC(OCC)=O
0.6980504,-1.274948,CC(OCC)OC1CCCCCCCCCCC1
0.2952087,-1.372012,CC(OCC)OCC
0.3308984,-1.226684,CC(OCC)OCCC1=CC=CC=C1
0.3056535,-1.334689,CC(OCC/C=C\CC)=O
0.2540592,-1.245666,CC(OCC1=CC=CC=C1)=O
0.3044634,-1.372474,CC(OCC=C)=O
0.1349558,-1.147595,CC(OCCC(C)CC(C)(C)C)=O
0.3563682,-1.220757,CC(OCCC)OCCC1=CC=CC=C1
0.2609818,-1.199058,CC(OCCCC1=CC=CC=C1)=O
0.3737602,-1.354875,CC(OCCCCCCCCC)=O
0.5071034,-1.326908,CC(OC[C@@H]1CCC(C)(C)[C@]23C4C[C@@H](C3)C(C)(C)C214)=O
0.472373,-1.413436,CC(S)(C)C1CCC(C)=CC1
0.2336668,-1.328549,CC(S)(C)C1CCC(C)CC1=O
0.4509191,-1.453386,CC([C@@](CC1=C(C)C)(CC1)[C@H](C)C2)=CC2=O
0.3031188,-1.445295,CC([C@]1([H])C(CC2)=O)(C)[C@H]3CC[C@]1(C2(C)C)C3
0.3140464,-1.403554,CC/C=C(C(OCC)=O)\C
0.4273745,-1.10247,CC/C=C/C=C/C=O
0.4061669,-1.227161,CC/C=C/CC(OC)=O
0.4258864,-1.244362,CC/C=C/CC(OCC)=O
0.2756833,-1.240455,CC/C=C/CCO
0.3845466,-1.210171,CC/C=C/CCOC(C(O)C)=O
0.4415526,-1.233236,CC/C=C/CCOC(C)=O
0.3437828,-0.8156059,CC/C=C\C/C=C\C/C=C\CCCCCCCC(O)=O
0.2705365,-0.9589079,CC/C=C\C/C=C\C/C=C\CCCCCCCC(OCC)=O
0.2040208,-1.077655,CC/C=C\C/C=C\CCO
0.07816886,-1.037124,CC/C=C\CC/C=C/C#N
0.358659,-1.038495,CC/C=C\CC/C=C/C=O
0.2988292,-1.338217,CC/C=C\CCCC(OC)=O
0.3486535,-1.32849,CC/C=C\CCCC=O
0.3555569,-1.35067,CC/C=C\CCCCC=O
0.2240499,-1.407259,CC/C=C\CCCCCO
0.2479392,-1.415631,CC/C=C\CCCCCOC(C)=O
0.2492111,-1.369937,CC/C=C\CCCCO
0.2662952,-1.319408,CC/C=C\CCO
0.2508345,-1.195755,CC/C=C\CCOC(/C(C)=C/C)=O
0.2858914,-1.364048,CC/C=C\CCOC(CC)=O
0.3019049,-1.344136,CC/C=C\CCOC(OC)=O
0.2566791,-1.336426,CC/C=C\CCOCC(C)=C
0.2691885,-1.353284,CC/C=C\CCOCC=CC
0.4541881,-1.27818,CC1(C(C(CC1)C(=C)C)C)O
0.474932,-1.379624,CC1(C(C(CCC1)C)C=CC(C)=O)C
0.4455258,-1.337737,CC1(C(C)=O)CC(C(CCC2)(C)C)=C2CC1C
0.534058,-1.226856,CC1(C(C2(C)C)=O)CCC2C1
0.2773266,-1.401243,CC1(C)C(/C=C(C(C)=O)\C)C(C)=CCC1
0.4664222,-1.310582,CC1(C)C(/C=C(C)/C(C)=O)=C(C)CCC1
0.4318951,-1.314296,CC1(C)C(/C=C/C(C)=O)=C(C)CCC1
0.4260139,-1.343921,CC1(C)C(/C=C/C(C)=O)=C(C)CCC1C
0.3650864,-1.349852,CC1(C)C(/C=C/C(C)=O)C(C)=CCC1
0.4113424,-1.297489,CC1(C)C(/C=C/C(C)C(C)O)CC=C1C
0.4423128,-1.329234,CC1(C)C(/C=C/C(CC)=O)=C(C)CCC1
0.4219897,-1.221297,CC1(C)C(/C=C/C(O)C)C(C)=CCC1
0.3829482,-1.295719,CC1(C)C(C(/C=C/C)=O)=C(C)C=CC1
0.3592247,-1.358396,CC1(C)C(C(/C=C/C)=O)C(C)=CCC1
0.3398578,-1.329747,CC1(C)C(C(C)=C2)CC1C2=O
0.2164876,-1.384202,CC1(C)C(C(OCC)=O)C(C)=CC=C1
0.4152772,-1.483864,CC1(C)C(C/C=C(C)/CO)CC=C1C
0.3741669,-1.305811,CC1(C)C(C/C=C(C=C)\C)O1
0.3167991,-1.289834,CC1(C)C(C2C)CC1CC2=O
0.3657981,-1.340711,CC1(C)C(C=CC(C)C(C)O)CC=C1C
0.3332306,-1.284964,CC1(C)C(C=CC(C)O)=C(C)CCC1
0.3484358,-1.379911,CC1(C)C(CC2)C3(CCCC2(C)C3)C(OC=O)C1
0.4940434,-1.313494,CC1(C)C(CC2)CCC2(C)O1
0.4101423,-1.380064,CC1(C)C(CC=C(C)C(C)=O)CC=C1C
0.4613055,-1.261536,CC1(C)C(CC=C(C)C=O)=C(C)CCC1
0.4112251,-1.389524,CC1(C)C(CC=O)CC=C1C
0.5493349,-1.315752,CC1(C)C(CCC(O)C)C(C)CCC1
0.6567543,-1.383209,CC1(C)C(CCC(O)CCC)C(C)CCC1
0.4543959,-1.463505,CC1(C)C(CCC2C)C2(C3)CC1C(C)C3=O
0.4482418,-1.574908,CC1(C)C(CCC2C)C32CC1C(C)=C(C(C)=O)C3
0.3264394,-1.509657,CC1(C)C2(CC3)C4(C(CC1)O4)CC(C)(C)C3C2
0.5143943,-1.490691,CC1(C)C2=CC=CC=C2C(C)(C3=CC=CC=C3)C1
0.259732,-1.430216,CC1(C)C2C(C)(O3)C3CC1C2
0.4286272,-1.425953,CC1(C)C2C(CC(O)(C)CC2)=CCC1
0.5033072,-1.38311,CC1(C)C2C(CCC=O)=CCC1C2
0.4072337,-1.396608,CC1(C)C2C(CCO)=CCC1C2
0.3939386,-1.433696,CC1(C)C2C(CCOC(C)=O)=CCC1C2
0.4073007,-1.356364,CC1(C)C2C(COC=O)=CCC1C2
0.4033438,-1.234077,CC1(C)C2CC1CC=C2C
0.3060152,-1.23326,CC1(C)C2CC1CC=C2CO
0.3102264,-1.285686,CC1(C)C2CC1CC=C2COC(C)=O
0.1288733,-1.275476,CC1(C)C2CC1CCC23CO3
0.3569907,-1.306074,CC1(C)C2CCC(C2)C1C#N
0.288008,-1.706224,CC1(C)C2CCC3(C2)C1=C(C(C)CO)CCC(C)3C
0.4576617,-1.341466,CC1(C)CC(C(CCC=C)=O)=CCC1
0.4813752,-1.333967,CC1(C)CC(C(CCC=C)=O)CCC1
0.5474036,-1.315955,CC1(C)CC(C)OC(CCCCC)O1
0.3384047,-1.393572,CC1(C)CC(OCC)CC(C)C1
0.1641899,-1.366494,CC1(C)CC=CC(C)=C1C(OCC)=O
0.2319885,-1.296571,CC1(C)CC=CC(C)C1C(/C=C/C)=O
0.3876725,-1.230654,CC1(C)CC=C[C@@H]([C@H]1C(OC)=O)C
0.1347673,-1.220851,CC1(C)CCC(C(C)(OCC)CCC12)C2=C
0.436161,-1.350614,CC1(C)CCC(C(C)=CC)O1
0.3904701,-1.38917,CC1(C)CCC(CCCCC)(C)C1=O
0.5539789,-1.289451,CC1(C)CCC/C(C)=C/CCC(/C=C/1)=C
0.3170773,-1.355705,CC1(C)CCC=C(C)C1/C=C/C(CC)=O
0.2922358,-1.280988,CC1(C)CCC=C(C)C1C(C2C(C)O2)=O
0.2402932,-1.357785,CC1(C)CCC=C(C)C1C=CC(CCC=C)=O
0.1966386,-1.389917,CC1(C)CCC=C(C)C1CCC(C)=O
0.1408036,-1.35652,CC1(C)CCC=C(C)C1CCC(C)C=O
0.1507582,-1.342942,CC1(C)CCC=C(CC)C1C(OCC)=O
0.4343542,-1.229465,CC1(C)CCCC(C(C)=O)C1
0.3604363,-1.360265,CC1(C)CCCC(C(C)OC=O)C1
0.2601237,-1.143817,CC1(C)CCCC(C(OC(C)=O)C)C1
0.2322818,-1.479793,CC1(C)CCCC(C)=C1CCC(C)=O
0.4304099,-1.508218,CC1(C)CCCC(C)=C1CCC(O)C
0.2562558,-1.342804,CC1(C)CCCC(C)C1=O
0.1524877,-1.1441,CC1(C)CCCC(O2)(C)C1=CC2=O
0.1472794,-1.345957,CC1(C)CCCC2(C)C1CCC3(CC)C2CCO3
0.4880621,-1.221102,CC1(C)CCC[C@@H](C)[C@@H]1/C=C\C(C)=O
0.5372985,-0.8624223,CC1(C)CCC[C@@]2(C)[C@@]1([H])CC[C@]3(CO4)[C@@H]2CC[C@]4(C)O3
0.7182611,-1.249859,CC1(C)CCC[C@@]2(C)[C@]1(CC[C@@](C)(O)[C@@H]2CC[C@](O)(C)C=C)[H]
0.3887646,-1.247011,CC1(C)CCC[C@H]([C@@H](C)O)C1
0.3395543,-1.279571,CC1(C)CCC[C@]([C@@H](OC(COC(CC)=O)(C)C)C)([H])C1
0.1463647,-1.290263,CC1(C)CCC[C@]([C@H](C)OC(CC(OCC)=O)=O)([H])C1
0.1323355,-1.245536,CC1(C)CCC[C@]([C@H](C)OC(COC(CC)=O)=O)([H])C1
0.479818,-1.179424,CC1(C)C[C@@H](O)C[C@@H](C)C1
0.2870976,-1.165302,CC1(C)O[C@@]2([C@H]3C(C)(C)[C@@]4([H])[C@@](C[C@@H]2O1)(C3)[C@H](C)CC4)C
0.48862,-1.377303,CC1(C)[C@@H](C(C[C@H](CO)C)=C)CC=C1C
0.5987414,-1.214786,CC1(C)[C@@H](C)CC[C@@H]([C@H]1CCC(O)CCC)C
0.2202668,-1.044495,CC1(C)[C@@H](C2)CC[C@@H](C)[C@@H]2S1
0.5426035,-1.378446,CC1(C)[C@@H](CC2)C[C@@]32C1=CCCC3(C)C
0.1629015,-1.254534,CC1(C)[C@@H]2C[C@H]1CC[C@@]2(O)C
0.4755475,-1.198251,CC1(C)[C@@](CC2=O)([H])[C@@](O2)(C)CCC1
0.3159703,-1.459379,CC1(C)[C@@](CC[C@]2(C)C3)([H])[C@@]3(CCC2)C=C1
0.5049294,-1.26427,CC1(C)[C@H](/C=C/C(C)=O)C(C)=CC[C@H]1C
0.4675788,-1.434224,CC1(C)[C@H](CCOC(C)=O)CC=C1C
0.05517498,-1.463389,CC1(C)[C@H](C[C@H]2[C@](C2)1C)CC(C3)C3(C)CO
0.3197477,-1.393653,CC1(C)[C@H]2C3(COC(C)(C)OC3)C(C)CC[C@H]21
0.3105619,-1.127412,CC1(C)[C@H]2CC(C)=CC[C@H]21
0.278333,-1.222589,CC1(C)[C@H]2C[C@@H]1C[C@](C=CC3=O)(CC3)[C@H]2C
0.2582404,-1.261257,CC1(C2=CC=CC=C2)CC(C)OC1
0.2166732,-1.218075,CC1(C2C1CC3C2)C3(C)C
0.173211,-1.40091,CC1(C2C1CC3C2)C3(C)CC/C=C(C)\CO
0.2726104,-1.250881,CC1(C2CC=C(C)CC2)CCC(C(O)(C)C)O1
0.3779843,-1.322196,CC1(C=C)CCC(C(C)=C)O1
0.4092579,-1.261498,CC1(C=C)CCC(C(C)C(CC=C(C)C)=O)O1
0.2873874,-1.318832,CC1(C=C)CCC(C(C)CO)O1
0.3727343,-1.259262,CC1(C=C)CCC(C(O)(C)C)O1
0.4722825,-1.334472,CC1(C=C)CCCC(C)(C)O1
0.5125558,-1.231612,CC1(C=O)CC=C(CCC=C(C)C)CC1
0.1396945,-1.440378,CC1(CC(CC(C)C)OCC1)O
0.2306958,-1.251291,CC1(CC(OCC)=O)OCCO1
0.1825429,-1.154556,CC1(CC2)CCCC2(C3(C)C4O3)C1(CC4)C
0.2318588,-1.254138,CC1(CCC(C)C)OCC=CCO1
0.3962914,-1.370743,CC1(CCCC(C)=C1C(/C=C/C)=O)C
0.587882,-1.407189,CC1(CCCC2(CCC(C)=CC2C)C1=O)C
0.1969496,-1.202886,CC1(OC(C)=O)CC(CCC)OCC1
0.3316474,-1.331332,CC1(OC(C)=O)CCC(C(C)=C)C1C
0.3355594,-1.304972,CC1(OC(C)=O)CCC(C(C)=C)CC1
0.2769952,-1.112034,CC1(OC(C)=O)CCC(C(C)C)CC1
0.5065097,-1.306692,CC1(OC(C)OC(C)C1)C2=CC=CC=C2
0.4272764,-1.485784,CC12C(CCC3C2=C)C3[C@@H](C(C)C)CC1
0.2055961,-1.126726,CC12C(O2)CC/C=C(C)/CC/C=C(C)\CC1
0.462204,-1.502191,CC12C3C1CC(C3)[C@@]2(C)CCC=C(C)C
0.2255604,-1.088403,CC12CC(OC(C)=O)CCC1C(C)(C)CCC2
0.4266234,-1.142385,CC12CCC(C(O)(C)C)CC1=C(C)CCC2
-0.004575419,-1.112174,CC12CCC(C2)C(C)(C)C1OC(C)=O
0.4792029,-1.484287,CC12CCC(CC1[C@@H](C)CCC23C)C3=C
-0.1276299,-1.266947,CC12CCC(CC2)(C3CC=C(C)C(C)3C)CO1
0.2316787,-1.325127,CC12CCCC(C)(C)C1(C=CC(C)=O)O2
0.308095,-1.143066,CC1=C(/C=C/C)C=C(C(C)C)C=C1
0.8487073,-1.344277,CC1=C(C(C)=O)C=C(C(C)(C)CC(C)C2(C)C)C2=C1
0.3646237,-1.27811,CC1=C(C)C(C)=C(C)C=C1
0.4654474,-1.325803,CC1=C(C)OC2=C1C=CC=C2
0.2264258,-1.302474,CC1=C(C=CC(=C1)C)C(C)=O
0.3329307,-1.352021,CC1=C(C=CC(=C1)CCCC)O
0.3426461,-1.203637,CC1=C(CC)N=CC=N1
0.4490678,-1.228889,CC1=C(CC=C(C)C)OC=C1
0.3829983,-1.296543,CC1=C(CCO)C=CC=C1
0.3055991,-1.145877,CC1=C(CCO)SC=N1
0.3031062,-1.297201,CC1=C(O)C(C(OC)=O)=CC=C1
0.5608075,-1.505844,CC1=C2C(C=C1)=C(C)C=CC(CC)=C2
0.5117717,-1.527415,CC1=C2CCC(C)=C[C@]2([H])C(C)(C)CCC1
0.1168225,-1.159867,CC1=C2CCC(C)CC2OC1=O
0.3120721,-1.373285,CC1=C2[C@@](CC1)(C3(C)C)[C@H](C)CC[C@@H]3C2
0.5256394,-1.003453,CC1=CC(C(C)(C)C)=C(O)C(C(C)(C)C)=C1
0.2376222,-1.230832,CC1=CC(C(C)(C)C)=CC(C)=C1C(C)=O
0.3654801,-1.413967,CC1=CC(C)=CC2=C1C=CC=C2
0.2282321,-1.297823,CC1=CC(C)=CC=C1COC(C)=O
0.6939029,-1.02206,CC1=CC(C)C(C)C(C(C)=O)C1
0.5818313,-1.171887,CC1=CC(C)C(C=O)C(C)C1
0.4518709,-1.267861,CC1=CC(C)C(C=O)CC1
0.3119166,-1.262772,CC1=CC(C)C2(C(OC)OCCC2)CC1
0.3125206,-1.292908,CC1=CC(CC(C)(CO)C2)=C2C=C1
0.4433072,-1.143401,CC1=CC(O)=C(C(C)C)C=C1
0.2845455,-1.223912,CC1=CC(OC)=C(OC(C)=O)C=C1
0.2353133,-1.220513,CC1=CC(OC)=CC(OC)=C1
0.3224252,-1.286064,CC1=CC(OCC1)C2=CC=CC=C2
0.3745192,-1.266476,CC1=CC(OCC2=O)=C(OC2)C=C1
0.2300827,-1.220775,CC1=CC2(CCCCC2)OCC1
0.61645,-1.489295,CC1=CC2=C(C(C)(C)C(C)C2(C)C)C=C1C(C)=O
0.2719385,-1.247686,CC1=CC2=C(C=C1)N=CC=C2
0.3121327,-1.287266,CC1=CC2=C(O1)C=CC=C2
0.4694109,-1.226263,CC1=CC=C(C(C)(C)C)C(O)=C1
0.565195,-1.207221,CC1=CC=C(C(C)(O)C)C=C1
0.5119205,-1.21857,CC1=CC=C(C(C)=O)C=C1
0.2300164,-1.17754,CC1=CC=C(C(C)C)C(OC)=C1
0.3707912,-1.162585,CC1=CC=C(C(C)C)C=C1
0.222468,-1.332984,CC1=CC=C(C(C)C)C=C1OC
0.4721099,-1.203755,CC1=CC=C(C(O)C)C=C1
0.4003516,-1.245306,CC1=CC=C(C(OC)=O)C=C1
0.2577229,-1.241698,CC1=CC=C(C(OCC)=O)C(C)(C)C1
0.4510499,-1.265151,CC1=CC=C(C=O)C=C1
0.1961059,-1.312746,CC1=CC=C(C=O)O1
0.5333763,-1.166309,CC1=CC=C(CC(C=O)C)C=C1
0.4341501,-1.333177,CC1=CC=C(CC(OC)OC)C=C1
0.467811,-1.262096,CC1=CC=C(CC=O)C=C1
0.3856133,-1.215633,CC1=CC=C(O)C(C(C)(C)C)=C1
0.4396545,-1.289287,CC1=CC=C(O)C=C1
0.3640288,-1.28287,CC1=CC=C(O)C=C1O
0.3877031,-1.275028,CC1=CC=C(OC(C)=O)C=C1
0.3578369,-1.214119,CC1=CC=C(OC(CC(C)C)=O)C=C1
0.3250744,-1.221762,CC1=CC=C(OCC(OCC)=O)C=C1
0.3612283,-1.249343,CC1=CC=C(OCCO)C=C1
0.2112024,-1.296109,CC1=CC=CC(C)=C1O
0.1972042,-1.285762,CC1=CC=CC(CC(C)(C)CO)=C1
0.3038873,-1.33355,CC1=CC=CC(O)=C1
0.3241321,-1.390516,CC1=CC=CC(O)=C1C
0.3057199,-1.279516,CC1=CC=CC(OC)=C1
0.2725051,-1.544285,CC1=CC=CC2=C1C=CC=C2
0.294039,-1.319476,CC1=CC=CC=C1
0.3185283,-1.230507,CC1=CCC(C(C)(C)O)CC1
0.457172,-1.154691,CC1=CCC(C(C)=O)(C)CC1
0.4824619,-1.208115,CC1=CCC(C(C)=O)CC1
0.4384255,-1.249354,CC1=CCC(C(C)C)=CC2C1CCC2C
0.4845635,-1.215976,CC1=CCC(C(C)C=O)CC1
0.4424201,-1.124786,CC1=CCC(C(CCC=C(C)C)(O)C)CC1
0.385291,-1.169637,CC1=CCC(C(CCC=C(C)C)=C)CC1
0.4134599,-1.36404,CC1=CCC(CC=C(CO)CC)C1(C)C
0.4226103,-1.373979,CC1=CCC(CCC(C)C(C)O)C1(C)C
0.5618566,-1.259376,CC1=CCC2(C(C)C1)C(OC(C)=O)C(CCC2)(C)C
0.3108764,-1.332209,CC1=CCC2CC1C2(C)CC/C=C(/C)\CO
0.2049104,-1.327251,CC1=CCCC(C)(C)C1C(OC)=O
0.4699721,-1.3962,CC1=CCCC(C)=CCCC(O)C(C)=CC1
0.5297763,-1.218796,CC1=CCCC2(C)C1(CCC(C)C2OC=O)C
0.3363088,-1.318063,CC1=CCCC=C1
0.1343623,-1.240932,CC1=CCOC(C=C(C)C)C1
0.4933943,-1.57558,CC1=CC[C@@H](/C(C)=C\CC=C(C)C)CC1
0.524123,-1.446106,CC1=CC[C@@H](C1(C)C)CCC(C)C(C)=O
0.6513369,-1.369243,CC1=CC[C@@H]([C@](OC2(C)C)(C)CCC2=O)CC1
0.7756957,-1.431447,CC1=CC[C@H](/C=C/C(C)(C)C(C)O)C1(C)C
0.3919619,-1.391393,CC1=CC[C@H](C(C)=C)CC1
0.2394583,-1.243242,CC1=CC[C@H](C(C)=C)CC1=O
0.2590061,-1.183182,CC1=CC[C@H](C(C)=C)C[C@@H]1O
0.1703817,-1.107505,CC1=CC[C@H](C(C)=C)C[C@H]1O
0.4454719,-1.500782,CC1=CC[C@H](CC1)C(CC/C=C(C)\C=O)=C
0.4326173,-1.394717,CC1=CC[C@H](CC1)C(CC/C=C(CO)/C)=C
0.2612877,-1.278346,CC1=CC[C@H]([C@@H](C)CCC=C(C)C)C=C1
0.3411711,-1.313246,CC1=CC[C@H]([C@H](C)CCO)CC1
0.3421806,-1.323712,CC1=CC[C@H]2[C@@]3(C)[C@@H]1[C@]2([H])C(C)(C)CCC3
0.267837,-1.252476,CC1=CN=CC=N1
0.3134238,-1.458194,CC1=CNC2=C1C=CC=C2
0.2332483,-1.338909,CC1=COC2=C1CCC(C)C2
0.5331719,-1.172577,CC1=CSC(C(C)C)=N1
0.3694368,-1.218023,CC1=C[C@@H](C)[C@@H](CO)CC1
0.4516623,-1.3351,CC1=C[C@@H]2CC(C=O)[C@H]1CC2C(C)C
-0.01130913,-1.133842,CC1=C[C@@H]2CC([C@H]1C[C@@H]2C(C)C)C3OCCO3
0.5506508,-1.558303,CC1=C[C@@](C(C)(C)CCC=C2C)([H])[C@@]2([H])CC1
0.3657533,-1.262756,CC1=C[C@H](C)[C@@]2([H])[C@@](CCC(C)(C)[C@H]2O)([H])C1
0.2148194,-1.228522,CC1=C[C@H](C)[C@H](CO)[C@@H](C)C1
0.3584886,-1.348661,CC1=C[C@H](O)[C@@H]2C(C)(C)[C@H]1C2
0.4348469,-1.307695,CC1=C[C@H](OC(C)=O)[C@H]2C(C)(C)[C@@H]1C2
0.3421732,-1.237725,CC1=NC(C)=C(C)N=C1
0.3140107,-1.342358,CC1=NC(C)=CN=C1CC
0.338117,-1.334298,CC1=NC(CC)=C(CC)N=C1
0.5473853,-1.276737,CC1=NC2=C(C=CC=C2)C=C1
0.3586088,-1.222961,CC1=NC=C(C)N=C1
0.09494412,-1.253172,CC1C(C)(C)C(CC2C(C)(C2)CO)CC1
0.2925537,-1.16219,CC1C(C)CC(C1=O)=O
0.3216963,-1.257459,CC1C(CC(C1)(C)C)=CCCCCC=O
0.3936992,-1.504546,CC1C(CC(C2(C)C)C2C1)=CCC#N
0.0872731,-1.312573,CC1C(CC)(CC)C(C)C(CC)=C(C)C1=O
0.1982501,-1.433247,CC1C(CC2(C)C)C2CCC(O3)(C)C3CC1
-0.06569173,-1.420396,CC1C2(CCC(C)(OC)C3C2)C(C3(C)C)CC1
0.3014312,-1.191807,CC1C2(O1)CC3CC2C4C3CC(C)=CC4
0.2092934,-1.346575,CC1C2CC2(C(C)C)CC1O
0.184359,-1.359281,CC1C2CC3=CC=CC=C3C2OC(C)O1
0.4132269,-1.377236,CC1C=CC2(O1)C(C)=CCC(C)C2C
0.3630804,-1.290084,CC1C=CC2(O1)C(CC)=CCCC2(C)C
0.2327126,-1.15716,CC1CC(=O)C2=C(C=C3C(=C12)C(CC3(C)C)(C)C)C
0.3940076,-1.241933,CC1CC(C)C(CO)CC1
0.08348445,-1.127217,CC1CC(C=C(C2C1CC(=C(C)C)C2)C)OC(=O)C
0.2213471,-1.21114,CC1CC(CC2C(CCCC12)=C)C(CO)=C
0.166856,-1.320453,CC1CC=CC2=CCC(=C(C)C)CC12C
0.342588,-1.115781,CC1CCC(C(C)(C)O)CC1
0.2713568,-1.193549,CC1CCC(C)C(OC(OCC)=O)C1C
0.4709064,-1.559443,CC1CCC(C2(C)C)C(CC3)1CC2C3=C
0.4722638,-1.232507,CC1CCC(O)C(C(C)(C)C)C1
0.3630998,-1.288954,CC1CCC2(O1)C(C)=CCCC2(C)C
0.4455883,-1.316437,CC1CCCC(C)(C)C1CCC(O)CC
0.1666887,-1.259848,CC1CCCCC1=O
0.1981962,-1.250951,CC1CCCCC1OC(C)=O
0.2415571,-1.165378,CC1CCOC(C2=CC=CC=C2)C1
0.07189228,-1.244972,CC1CCOC(C=C(C)C)C1
0.1585122,-1.236743,CC1CCOC(CC(C)C)C1
0.4308173,-1.195723,CC1CC[C@@]2(O1)[C@@](C)(O)CCCC2(C)C
0.4305114,-1.455097,CC1COCC2=C1C=C(C(C)(C)C(C)C3(C)C)C3=C2
0.3155653,-1.399837,CC1OC(OC(C)(C)C1)CC2=CC=CC=C2
0.08867773,-1.149973,CC1OCCC12SCCN2
0.01505566,-1.024786,CC=C1[C@@H]2[C@@]3([H])CCCO[C@@]3([H])[C@H](C1)C2
0.2581049,-1.35392,CC=CC(C(CC)C)=O
0.4440992,-1.177968,CC=CC1=CC(OC)=C(O)C=C1
0.3210109,-1.16407,CC=CC1=CC=C(OC(C)=O)C(OC)=C1
0.5110341,-1.264394,CC=CCCCCCCCC=O
0.4504903,-1.178077,CCC(C(C)=O)=O
0.3236713,-1.346404,CCC(C(O)=O)C
0.3224975,-1.23146,CCC(C(OC(C)C)=O)C
0.3951588,-1.320727,CCC(C(OC)=O)C
0.3399256,-1.26563,CCC(C(OCC1=CC=CC=C1)=O)C
0.314015,-1.330588,CCC(C)(C)C1CCC(OCC)CC1
0.3378792,-1.427738,CCC(C)=O
0.2025084,-1.239065,CCC(C)C(OCC(C)CC)=O
0.3033933,-1.359919,CCC(C)C(OCCCC)=O
0.3188017,-1.35617,CCC(C)C(OCCCCCC)=O
0.377129,-1.352446,CCC(C)CC(O)=O
0.2585955,-1.245651,CCC(C=C1)=CC=C1CC(C)(C)C#N
0.4902286,-1.291907,CCC(CC(CC)=O)C
0.09084769,-1.15682,CCC(CC)C1OCC=CCO1
0.2340293,-1.169603,CCC(CCCC)C1OCCO1
0.3206685,-1.490563,CCC(CO)C
0.326252,-1.46237,CCC(CO)CC
0.2427282,-1.405294,CCC(CO)O
0.4502328,-1.152254,CCC(N=CC=N1)=C1CC
0.3110704,-1.101622,CCC(N=CC=N1)=C1OC
0.3770808,-1.403319,CCC(O)=O
0.380192,-1.267166,CCC(OC(C)=O)C1=CC=CC=C1
0.4703416,-1.188271,CCC(OC/C=C/C1=CC=CC=C1)=O
0.4467118,-1.312402,CCC(O[C@H](C(OCCC)=O)C)(C)C
0.4522285,-1.154893,CCC/C=C(C#N)/C1=CC=CC=C1
0.3677689,-1.274885,CCC/C=C(C)/C(OC)=O
0.4033526,-1.23215,CCC/C=C/C(OC)=O
0.4155034,-1.241092,CCC/C=C/C=O
0.2530271,-1.247705,CCC/C=C/CO
0.393094,-1.248602,CCC/C=C/COC(C)=O
0.4033338,-1.252519,CCC1=CC(OC)=C(O)C=C1
0.5631214,-1.0545,CCC1=CC=C(CC(C=O)(C)C)C=C1
0.4591447,-1.267855,CCC1=CC=C(CC=O)C=C1
0.4537742,-1.302545,CCC1=CC=C(O)C=C1
0.3727029,-1.284865,CCC1=CC=C(OC)C=C1
0.3580351,-1.31111,CCC1=CN=CC=C1
0.3897051,-1.354082,CCC=C(C)C(O)=O
0.468953,-1.211357,CCC=CCC=C/C=C/C(OCC)=O
0.3183208,-1.43724,CCC=O
0.384674,-1.287929,CCCC(C#N)CCCCC
0.3788433,-1.222,CCCC(C(C)C)=NO
0.3833114,-1.42386,CCCC(C)=O
0.295689,-1.361795,CCCC(C)C(OCC)=O
0.2021396,-1.247586,CCCC(C)COC(C(C)CCC)=O
0.4340467,-1.405819,CCCC(CC(CO)C)C
0.494986,-1.406877,CCCC(CC(CO)CC)CC
0.3150048,-1.248033,CCCC(OC1CC2C3C(CC=C3)C1C2)=O
0.2609818,-1.199058,CCCC(OCC1=CC=CC=C1)=O
0.2722347,-1.29549,CCCC(OCCC(C)C)=O
0.6131012,-1.303347,CCCC(O[C@@H](C)C(OCCCC)=O)=O
0.3381049,-1.365167,CCCC(S)CCO
0.3554789,-1.327441,CCCC(S)CCOC(C)=O
0.4874596,-1.111627,CCCC/C=C/C=C/C=O
0.2492113,-1.369937,CCCC/C=C\CCO
0.4112699,-1.226606,CCCC1=CC=C(O)C(OC)=C1
0.2074941,-1.179828,CCCC1=CC=C(OC)C(OC)=C1
0.3427716,-1.239262,CCCC1=CC=C(OC2)C(OCC2=O)=C1
0.3670678,-1.259443,CCCC1=CC=CC=C1
0.442461,-1.243759,CCCC1CCC(O)C(OC)C1
0.3420762,-1.191326,CCCC=C1C2=C(C(O1)=O)C=CCC2
0.3543911,-1.418095,CCCC=O
0.3476503,-1.370563,CCCCC(C(O)=O)C
0.4794928,-1.38289,CCCCC(CC)=O
0.6070575,-1.427412,CCCCC(CC)CCC(C=O)C
0.3569826,-1.442544,CCCCC(CCC(O)=O)C
0.4168795,-1.389422,CCCCC(CCC(O)=O)CC
0.4782439,-1.366938,CCCCC(CCC(O)C)CC
0.3948239,-1.453551,CCCCC(CO)CC
0.3795778,-1.396127,CCCCC(O)=O
0.3586278,-1.289601,CCCCC(O1)C(C)CC1=O
0.3583519,-1.358625,CCCCC(OCCCC)=O
0.262019,-1.379079,CCCCC/C(C(OCC)OCC)=C\C1=CC=CC=C1
0.4475065,-1.285186,CCCCC/C=C/C=O
0.497286,-1.314273,CCCCC/C=C/CCC=O
0.2775254,-1.232429,CCCCC/C=C\C/C=C\CCCCCCCC(OCC)=O
0.1956955,-1.259299,CCCCC/C=C\C=C\C(OCC)=O
0.3042984,-1.388244,CCCCC/C=C\CCC(OCC)=O
0.3624615,-1.37285,CCCCC/C=C\CCC=O
0.2240499,-1.407259,CCCCC/C=C\CCO
0.4383022,-1.248595,CCCCC=CCCCC(O)=O
0.3904613,-1.398949,CCCCC=O
0.2883244,-1.422528,CCCCCC#CC(OC)=O
0.4607655,-1.489433,CCCCCC(/C(C)=C/CC)O
0.4741738,-1.416106,CCCCCC(C)=O
0.412543,-1.378484,CCCCCC(C=C)=O
0.5431455,-1.372732,CCCCCC(CC)=O
0.3808271,-1.39253,CCCCCC(O)=O
0.3682763,-1.488995,CCCCCC(O)C
0.3246607,-1.488919,CCCCCC(O)C=C
0.4316242,-1.435746,CCCCCC(O)CC
0.3795063,-1.304936,CCCCCC(OC)=O
0.350648,-1.360499,CCCCCC(OCC)=O
0.3480328,-1.348822,CCCCCC(OCC)OCC
0.3042985,-1.388244,CCCCCC(OCC/C=C\CC)=O
0.2256595,-1.38194,CCCCCC(OCC=C)=O
0.2497979,-1.156779,CCCCCC(OCCC1=CC=CC=C1)=O
0.3814652,-1.353,CCCCCC(OCCCCCC)=O
0.4635075,-1.307234,CCCCCC/C=C/C=O
0.2503715,-1.338155,CCCCCC/C=C/CO
0.2486665,-1.23219,CCCCCC1=CC=CO1
0.1932663,-1.180029,CCCCCC=C/C=C/C=C
0.1871723,-1.320711,CCCCCC=CC=CC=C
0.2875422,-1.268771,CCCCCC=CCC(OC)=O
0.2926545,-1.408875,CCCCCCC#CC(OC)=O
0.5196062,-1.412228,CCCCCCC(C)=O
0.4693081,-1.326136,CCCCCCC(O)(C)C
0.3820749,-1.388933,CCCCCCC(O)=O
0.3747661,-1.495806,CCCCCCC(O)C
0.3583518,-1.358625,CCCCCCC(OCC)=O
0.1992424,-1.388457,CCCCCCC(OCC=C)=O
0.2460694,-1.142686,CCCCCCC(OCCC1=CC=CC=C1)=O
0.4795095,-1.32928,CCCCCCC/C=C/C=O
0.3762684,-1.417209,CCCCCCC/C=C\CCC=O
0.1485659,-1.519224,CCCCCCC/C=C\CCCO
0.3972606,-1.109963,CCCCCCC1OCCO1
0.4813635,-1.306642,CCCCCCC=C/C=C/C=O
0.2875422,-1.268771,CCCCCCC=CC(OC)=O
0.4626016,-1.36066,CCCCCCC=O
0.3833233,-1.385338,CCCCCCCC(O)=O
0.2589864,-1.394693,CCCCCCCC(OC)OC
0.3660561,-1.356749,CCCCCCCC(OCC)=O
0.3647689,-1.351574,CCCCCCCC(OCC)OCC
0.4955113,-1.351329,CCCCCCCC/C=C/C=O
0.5736406,-1.24701,CCCCCCCC1CCCO1
0.4986719,-1.341516,CCCCCCCC=O
0.1401279,-1.456351,CCCCCCCCC(C#N)C
0.610469,-1.404474,CCCCCCCCC(C)=O
0.5059999,-1.403136,CCCCCCCCC(C)C=O
0.3845725,-1.381742,CCCCCCCCC(O)=O
0.3731365,-1.35295,CCCCCCCCC(OCC)OCC
0.5115124,-1.373376,CCCCCCCCC/C=C/C=O
0.5347422,-1.322369,CCCCCCCCC=O
0.6743886,-1.537196,CCCCCCCCCC#C
0.3654564,-1.461198,CCCCCCCCCC#N
0.6559001,-1.400596,CCCCCCCCCC(C)=O
0.7404989,-1.339689,CCCCCCCCCC(C)C(O)=O
0.4766916,-1.374264,CCCCCCCCCC(C)C(OCC)OCC
0.5339367,-1.394024,CCCCCCCCCC(C)C=O
0.005355764,-1.400386,CCCCCCCCCC(CC#N)C
0.3858201,-1.378145,CCCCCCCCCC(O)=O
0.3942323,-1.516239,CCCCCCCCCC(O)C
0.3814652,-1.353,CCCCCCCCCC(OCC)=O
0.3815036,-1.354326,CCCCCCCCCC(OCC)OCC
0.5275141,-1.395422,CCCCCCCCCC/C=C/C=O
0.3497359,-1.449334,CCCCCCCCCCC#N
0.3898718,-1.355701,CCCCCCCCCCC(OCC)OCC
0.4403625,-1.429558,CCCCCCCCCCC=CC#N
0.6068829,-1.284079,CCCCCCCCCCC=O
0.3340161,-1.437473,CCCCCCCCCCCC#N
0.7467631,-1.392841,CCCCCCCCCCCC(C)=O
0.3883177,-1.370952,CCCCCCCCCCCC(O)=O
0.396874,-1.349251,CCCCCCCCCCCC(OCC)=O
0.3982404,-1.357076,CCCCCCCCCCCC(OCC)OCC
0.6429524,-1.264934,CCCCCCCCCCCC=O
0.5988669,-1.447944,CCCCCCCCCCCCC=C
0.6790221,-1.24579,CCCCCCCCCCCCC=O
0.8376266,-1.385086,CCCCCCCCCCCCCC(C)=O
0.3908147,-1.36376,CCCCCCCCCCCCCC(O)=O
0.7745562,-1.042923,CCCCCCCCCCCCCC(OC(C)C)=O
0.4122809,-1.345501,CCCCCCCCCCCCCC(OCC)=O
0.5726494,-1.438319,CCCCCCCCCCCCCCC
0.6564036,-1.418058,CCCCCCCCCCCCCCC=C
0.5709151,-1.013499,CCCCCCCCCCCCCCCC(OC)=O
0.4276897,-1.341753,CCCCCCCCCCCCCCCC(OCC)=O
0.6851704,-1.403115,CCCCCCCCCCCCCCCC=C
0.5910999,-1.401203,CCCCCCCCCCCCCCCCC
0.6095449,-1.364088,CCCCCCCCCCCCCCCCCCC
0.4003548,-1.445855,CCCCCCCCCCCCCCCCO
0.3926452,-1.447277,CCCCCCCCCCCCCCO
0.3849359,-1.448698,CCCCCCCCCCCCO
0.2881243,-1.259338,CCCCCCCCCCCCOC(C(C)C)=O
0.2243917,-1.459909,CCCCCCCCCCCCOC(C)=O
0.2275863,-1.220882,CCCCCCCCCCCCOCCOCCO
0.2462378,-1.114945,CCCCCCCCCCCCS
0.3810809,-1.449406,CCCCCCCCCCCO
0.3772251,-1.450118,CCCCCCCCCCO
0.3599876,-1.482786,CCCCCCCCCCOC
0.2395426,-1.445582,CCCCCCCCCCOC(C)=O
0.3436672,-1.352631,CCCCCCCCCCOC(CC)=O
0.1659067,-1.536068,CCCCCCCCCCOC=C
0.3733702,-1.450828,CCCCCCCCCO
0.3695151,-1.451537,CCCCCCCCO
0.2546919,-1.431254,CCCCCCCCOC(C)=O
0.3656598,-1.452249,CCCCCCCO
0.3618055,-1.452959,CCCCCCO
0.3326381,-1.474699,CCCCCCOC
0.2531949,-1.404819,CCCCCCOC(C)OCC
0.35795,-1.453669,CCCCCO
0.2774172,-1.409763,CCCCCOC(C)=O
0.328259,-1.35638,CCCCCOC(CCCCC)=O
0.2021575,-1.443536,CCCCCOC=O
0.3540952,-1.454379,CCCCO
0.2849927,-1.402598,CCCCOC(C)=O
0.21991,-1.210655,CCCCOCCC1=CC=CC=C1
0.2845111,-1.357606,CCCCOCCO
0.1967476,-1.226564,CCCCOCCOCCO
0.5020783,-1.486566,CCCCSCCCC
0.3502398,-1.455088,CCCO
0.2925671,-1.395434,CCCOC(C)=O
0.4012433,-1.388433,CCCSSCCC
0.2738846,-1.068147,CCC[C@H]1CCO[C@@H](C)S1
0.2889389,-1.267069,CCOC(=O)C(C1=CC=CC=C1)O
0.1528133,-1.360637,CCOC(C(C)C)=O
0.4904304,-1.353249,CCOC(C(C)CC1=CC=C(C=C1)C(C)C)OCC
0.1357548,-1.396274,CCOC(C(C)O)=O
0.2757933,-1.254099,CCOC(C1=CC=CC=C1O)=O
0.1586506,-1.290874,CCOC(C1C(C)CCCC(C)1C)=O
0.393632,-1.162164,CCOC(C1C(C2=CC=CC=C2)(C)O1)=O
0.1584656,-1.235165,CCOC(C=CC1=CC=CC=C1)OCC
0.2439739,-1.319622,CCOC(CC(C)C)=O
0.1161346,-1.048786,CCOC(CC(CC(OCC)=O)(O)C(OCC)=O)=O
0.4366866,-1.196078,CCOC(CCC(OCC)=O)=O
0.2897386,-1.365752,CCOC(CCC)=O
0.1979071,-1.235501,CCOC(CCC1=CC=CC=C1)=O
0.2974423,-1.363879,CCOC(CCCC)=O
0.328259,-1.35638,CCOC(CCCCCCCC)=O
0.09631929,-1.527752,CCOC(CCCCCCCCC=C)OCC
0.2398428,-1.24514,CCOC(OCC)/C=C/CC/C=C\CC
0.1800344,-1.27125,CCOC(OCC)C1=CC(OCO2)=C2C=C1
0.1491629,-1.305611,CCOC(OCC)C1=CC=CC=C1
0.2169369,-1.321549,CCOC(OCC)CC1=CC=CC=C1
0.2157788,-1.257815,CCOC1=CC(C=O)=CC=C1O
0.5130758,-1.223589,CCOC1=CC(OC2=O)=C(C(C)=C2)C=C1
0.4570474,-1.360298,CCOC1=CC2=CC=CC=C2C=C1
0.1585749,-1.278087,CCOCC1=CC=CC=C1
0.189493,-1.205297,CCOCCC1=CC=CC=C1
0.2667102,-1.385858,CCOCCOCCO
0.4463655,-1.040135,CCOCOC1CCCCCCCCCCC1
0.2625452,-1.210954,CN1C(C2=CC=CN=C2)CCC1
0.4066515,-1.239357,CNC1=C(C(OC)=O)C=CC=C1
0.2986949,-1.441183,COC(C)=O
0.4677045,-1.329514,COC(C1)C2CC1C3C2C(C=O)CC3
0.3187704,-1.393887,COC(CC)OCC\C=C/CC
0.2955266,-1.395823,COC(CCC)=O
0.3076989,-1.203351,COC(N=CC=N1)=C1C(C)C
0.3182557,-1.169536,COC(N=CC=N1)=C1CCCC(C)C
0.1866265,-1.343074,COC(OC)CC1=CC=CC=C1
0.6096128,-1.400263,COC1(OC)CCCCCCCCCCC1
0.5591758,-1.237529,COC1=C(/C=C/C=O)C=CC=C1
0.4318013,-1.247982,COC1=C(C=O)C=CC=C1
0.2310829,-1.27597,COC1=C(O)C=CC(C=O)=C1
0.1722056,-1.376688,COC1=C(OC)C(OC)=CC(CC=C)=C1
0.2702916,-1.250003,COC1=C(OC)C=C(C)C=C1
0.1292887,-1.166528,COC1=CC(C(C)(C)C)=C(OC)C=C1
0.3160798,-1.250788,COC1=CC(CC=C)=CC=C1OC(C)=O
0.572067,-1.392974,COC1=CC(OC2=O)=C(C=C2)C(OC)=C1
0.4208629,-1.254827,COC1=CC2=C(C=C1)C=CC=C2
0.3533712,-1.258074,COC1=CC=C(C(C)=O)C=C1
0.3175799,-1.249647,COC1=CC=C(C(O)=O)C=C1
0.4051803,-1.233825,COC1=CC=C(C(OC)=O)C=C1
0.3052387,-1.28541,COC1=CC=C(C)C=C1
0.4988203,-1.263002,COC1=CC=C(C=C2)C(OC2=O)=C1
0.4318013,-1.247982,COC1=CC=C(C=O)C=C1
0.3779559,-1.275251,COC1=CC=C(CC(C)=O)C=C1
0.4608838,-1.218341,COC1=CC=C(CC(C)C(OCC)OCC)C=C1
0.4382077,-1.186924,COC1=CC=C(CC(C=O)C)C=C1
0.4362468,-1.285684,COC1=CC=C(CC=C)C=C1OC
0.3653753,-1.267023,COC1=CC=C(CCC(C)=O)C=C1
0.2860868,-1.284168,COC1=CC=C(CCC)C=C1
0.1332307,-1.11296,COC1=CC=C(CCOC)C=C1
0.403759,-1.253914,COC1=CC=C(CO)C=C1
0.2777011,-1.161833,COC1=CC=C(COC(C)=O)C=C1
0.4198673,-1.297776,COC1=CC=C(O)C=C1
0.2658328,-1.317381,COC1=CC=C(OC)C=C1
0.280331,-1.222475,COC1=CC=C([C@@H]2[C@H](C2)C)C=C1
0.4907526,-1.359797,COC1=CC=CC=C1C(OC)=O
0.3033622,-1.3574,COC1=CC=CC=C1C(OCC)=O
0.0978817,-1.218963,COC1=CC=CC=C1COCC
0.3209637,-1.377279,COC1=CC=CC=C1OC
-0.01233879,-1.178693,COC1=CN=CC(CC(C)C)=N1
0.2744447,-1.443269,COC1C2C(CC)CC(C1)C2
0.3069386,-1.415728,COCC(C)O
0.3822228,-1.369436,COCC(C)OC(C)CO
0.3491041,-1.261452,COCC1=CC(OCC)=C(O)C=C1
0.1644913,-1.293558,COCC1=CC=CC=C1
0.1228744,-1.213415,COCC1=CN=CC=N1
0.2043078,-1.220756,COCCC1=CC=CC=C1
0.423267,-1.065295,COCOC1CCCCCCCCCCC1
0.4297343,-1.325321,CO[C@H]1C[C@H]2C(C)(C)[C@]1(C)CC2
0.4281155,-1.289205,CSCCC(OC)=O
0.4060969,-1.265638,CSCCC(OCC)=O
0.3690892,-1.415284,CSSC
0.6224844,-1.322518,C[C@@H](C1)C2=C(C1=O)[C@@H](C)CC[C@@H](C(C)=C)C2
1.165196,-1.153732,C[C@@H](C1)CCCCCCCCCCCCC1=O
0.4416023,-1.187738,C[C@@H](C1)CC[C@@H](C(C)(C)S)C1=O
0.6368622,-1.38729,C[C@@H](CC=O)CCC=C(C)C
0.2042021,-1.252473,C[C@@H](CC[C@@H]1C2)[C@@H]2C1(C)C
0.6912743,-1.442943,C[C@@H]1C2=C(CC1)[C@](C3(C)C)(C)CC[C@@H]3C2
0.6234158,-1.316196,C[C@@H]1C2=C(C[C@H](C(C)(O)C)CC1)[C@@H](C)CC2
0.568836,-1.329212,C[C@@H]1C2=C(C[C@H](C(C)=C)CC1)[C@@H](C)CC2
0.5321839,-1.307848,C[C@@H]1CC=C(C)[C@H](/C=C/C(C)=O)C1(C)C
0.5742577,-1.345327,C[C@@H]1CCC(C2C)C(OC2=O)C1
0.4574733,-1.256826,C[C@@H]1CCC(C=C1)=C(C)C
0.5255622,-1.317909,C[C@@H]1CCC=C2[C@]1(C=C(CC2)C(C)CO)C
0.2683945,-1.099478,C[C@@H]1CC[C@@H](C(C)=C)[C@H](O)C1
-0.08528142,-1.109262,C[C@@H]1CC[C@@H](C(C)C)[C@H](OC(C(C)O)=O)C1
0.5785729,-1.031114,C[C@@H]1CC[C@@H]([C@@H]2C)C(OC2=O)C1
0.1342916,-1.195887,C[C@@H]1[C@H](COC(C)=O)CC[C@H](C)C1
0.7099307,-1.406663,C[C@@](CC1)(CCC2)[C@@]3(C2=C)C[C@@H]1C(C)(C)O3
0.4941043,-1.24518,C[C@@]1(C2=CC=C(C)C=C2)CCCC1(C)C
0.5657789,-1.145839,C[C@@]1(CCC2)CC[C@@H](C(C)=C)C[C@@]1([H])C2=C
0.0463781,-1.223182,C[C@@]1(O2)CC[C@]3([H])[C@](C)(CCCC3(C)C)[C@H]1CC2=O
0.1597925,-1.212623,C[C@@]1([C@@H](CCO2)[C@@]2(C)CC3)[C@]3([H])C(C)(C)CCC1
0.02798505,-1.241233,C[C@@]1([C@H](CCO2)[C@@]2(C)CC3)[C@]3([H])C(C)(C)CCC1
0.4688613,-1.116495,C[C@@]12C(CC[C@@H](C(C)=C)C2)=CCC[C@H]1C
0.6574379,-1.331329,C[C@@]12C3=C1[C@]([C@@]4([H])C3)([H])C(C)(C)CCC[C@]24C
0.5612902,-1.376273,C[C@@]12C=CCC(C)[C@@]13CC(C)(C)[C@@H]2CC3
0.7102427,-1.420586,C[C@@]12CCC3C(C)(C)[C@]1(O)CC[C@H](C)C2C3
0.2324706,-1.221656,C[C@@]12CC[C@H](C2(C)C)C[C@@H]1OC(C(C)C)=O
0.260982,-1.140398,C[C@@]12CC[C@H](C2(C)C)C[C@@H]1OC(C)=O
0.2099363,-1.130708,C[C@@]12CC[C@H](C2(C)C)C[C@@H]1OC(CC)=O
0.5196483,-1.380757,C[C@@]12CC[C@H](C2)C(C)(C)C1(O)C
0.5262,-1.374709,C[C@H](CC(O)C)CCC=C(C)C
0.4968141,-1.4699,C[C@H](CC1)C2=C([C@H]3[C@@H]1C3(C)C)[C@H](C)CC2
0.4048128,-1.28052,C[C@H](CC=O)[C@@H]1CCC(C)=CC1
0.1270377,-1.295547,C[C@H](CC[C@@H]1C2)[C@@H]2C1(C)C
-0.0490607,-1.222079,C[C@H](O)[C@@H](C)O
0.1219403,-1.16525,C[C@H]1CCC2=C(C)CC[C@H](C[C@]21[H])C(C)=C
0.2611227,-1.213729,C[C@H]1C[C@@H](O)[C@H](C(C)=C)CC1
0.3308377,-1.192814,C[C@H]1[C@@H](COC(C)=O)CCC(C)=C1
0.2089513,-1.312041,C[C@H]1[C@@H]2C[C@]2(C(C)C)CC1=O
0.1672687,-1.298275,C[C@H]1[C@H]2C[C@@]2(C(C)C)CC1=O
0.4831501,-1.301098,C[C@]1(C=C)[C@H](C(C)=C)C[C@H](C(C)(O)C)CC1
0.5795911,-1.269101,C[C@]1(CC/C=C(COC(C)=O)/C)C([C@@H]2CC[C@H]1C2)=C
0.238995,-1.32535,C[C@]1(CCC=C(C)C)[C@H]2C[C@@H]1CC=C2C
0.2698815,-1.262488,C[C@]1([C@@H](OCC(C)CO)C2)CC[C@@H]2C1(C)C
0.2928479,-1.246969,C[C@]12C(C=CC[C@H]2C)=CC[C@@H](C(C)=C)C1
0.2440861,-1.155933,C[C@]12CC[C@@H](C2)C(C)(C)[C@@H]1O
0.3225496,-1.147498,C[C@]12CC[C@@H](C[C@@H]2O)C1(C)C
0.3679081,-1.260408,ClC(Cl)(Cl)C(OC(C)=O)C1=CC=CC=C1
0.4450246,-1.127874,N#C/C=C/C1=CC=CC=C1
0.2019088,-1.332637,N#CC(C1=CC=CC=C1)=C2CCCCC2
0.3339164,-1.233544,N#CCC1=CC=CC=C1
0.3335305,-1.428358,N#CCCCCCCC
0.4425734,-1.218158,NC1=C(C(OC)=O)C=CC=C1
0.3648062,-1.224548,NC1=C(C(OCC)=O)C=CC=C1
0.07641929,-1.040332,O=C(/C(C)=C(C(C)C)/C)/C=C/C
0.3188392,-1.312597,O=C(/C(C)=C/C)OCC(C)C
0.3534832,-1.227111,O=C(/C(C)=C/C)OCCC1=CC=CC=C1
0.2769955,-1.400744,O=C(/C(C)=C\C)OCC(C)C
0.2925318,-1.418783,O=C(/C(C)=C\C)OCCC(C)C
0.3012829,-1.43209,O=C(/C(C)=C\C)OCCC(CC)C
0.2307623,-1.394245,O=C(/C=C(C)\C=C)C=C(C)C
0.2115765,-1.382758,O=C(/C=C(C)\C=C)CC(C)C
0.2040474,-1.358108,O=C(/C=C(C=C)\C)CC(C)C
0.1893263,-1.511737,O=C(/C=C/C)OCCCCCCCC
0.3273245,-1.089721,O=C(/C=C/C1=CC=CC=C1)OCCC2=CC=CC=C2
0.4514613,-1.150142,O=C(C(C)(C)C)OCC1=CC=CC=C1
0.4575847,-1.109516,O=C(C(C)(C)C)OCCC1=CC=CC=C1
0.4825239,-0.9918096,O=C(C(C)=O)C1=CC=CC=C1
0.601208,-1.06734,O=C(C(C)C)OC/C=C/C1=CC=CC=C1
0.3451801,-1.441044,O=C(C(C)C)OCC/C=C\CC
0.4223908,-1.166248,O=C(C(C)C)OCC1=CC=CC=C1
0.4285147,-1.125622,O=C(C(C)C)OCCC1=CC=CC=C1
0.453984,-1.119694,O=C(C(C)C)OCCCC1=CC=CC=C1
0.2792701,-1.383428,O=C(C(C)C)OCCCCC
0.4008569,-1.085789,O=C(C(C)C)OCCOC1=CC=CC=C1
0.4962023,-1.192523,O=C(C(C)CC)OCCC1=CC=CC=C1
0.4351788,-1.06339,O=C(C(C=CC=C1)=C1O)OC2=CC=C(C)C=C2
0.2426679,-1.324146,O=C(C(CC(C)=C)C(C)=O)OCC
0.2387493,-1.078486,O=C(C(CC)C)C(OCC)=O
0.3195648,-1.36066,O=C(C(CC)C)OCC
0.1803361,-1.040372,O=C(C(CCC=C12)C1C(C)(C)CC2C)C
0.2127843,-1.388731,O=C(C(O)C)OC
0.4580424,-1.075247,O=C(C(OC)=O)C1=CC=CC=C1
0.4322175,-1.180642,O=C(C)C1=CC=C2C(C=CC=C2)=C1
0.4674251,-1.233892,O=C(C)C1=CC=CC=C1
0.4019136,-1.145013,O=C(C)C1=CC=CC=N1
0.3649338,-1.211135,O=C(C)CC(OCC)=O
0.3330856,-1.207407,O=C(C)CC1=CC(OCO2)=C2C=C1
0.3425627,-1.178946,O=C(C)CC1=CC=C(C(C)(C)C)C=C1
0.3119616,-1.312728,O=C(C)CC1=CC=CC=C1
0.5417794,-1.141593,O=C(C)OC1CC2CC1C3C2C=CC3
0.5109665,-1.234166,O=C(C)OC1CC2CC1C3C2CCC3
0.2451188,-1.254992,O=C(C)OC1CCC2C(CCCC2)C1
0.2380642,-1.380487,O=C(C)OC1CCCCC1
0.4027246,-1.445136,O=C(C)OCC(CCCC)CC
0.3419164,-1.248617,O=C(C)OCC=CC1=CC=CC=C1
0.5136389,-1.231413,O=C(C)OCCC1=CC=C(C)C=C1
0.3530015,-1.214073,O=C(C)OCCC1=CC=CC=C1
0.2232312,-1.41349,O=C(C)OCCC1CCCCC1
0.200428,-1.496773,O=C(C)OCCCCCC
0.1622049,-1.523674,O=C(C)OCCCCCCC
0.7261468,-1.175644,O=C(C1=CC=CC=C1)C2=CC=CC=C2
0.3238152,-1.373125,O=C(C1C2(C3)CCC3C1(C)C)CCC2(C)C
0.1392337,-1.289753,O=C(C1CC1)OCC/C=C\CC
0.5526528,-1.118832,O=C(C=C(C)C)OCCC1=CC=CC=C1
0.4862005,-1.230849,O=C(C=C)OCC(O[C@H]([C@]1([H])CCCC(C)(C)C1)C)(C)C
0.2862175,-1.262617,O=C(CC)C(CC)=O
0.2192124,-1.446427,O=C(CC)OC(CC(C)C)C
0.2369368,-1.30838,O=C(CC)OC1C(C2CC=CC32)CC3C1
0.3214119,-1.418069,O=C(CC)OCC
0.4353366,-1.463488,O=C(CC)OCC(C)CC
0.3002553,-1.219641,O=C(CC)OCC1=CC=CC=C1
0.3602154,-1.207085,O=C(CC)OCCCC1=CC=CC=C1
0.2480522,-1.166348,O=C(CC)OCCOC1=CC=CC=C1
0.1648223,-1.29016,O=C(CC1)OCC1CCCCC
0.2566524,-1.394082,O=C(CC1=CC=CC=C1)CC2=CC=CC=C2
0.2262562,-1.243397,O=C(CC1=CC=CC=C1)OC
0.3577681,-1.293674,O=C(CC1=CC=CC=C1)OCC(C)CC
-2.894009e-05,-1.320411,O=C(CC1=CC=CC=C1)OCC2=CC=CC=C2
0.3171369,-1.349422,O=C(CCC(C)(C)C1)C1CC
0.4335992,-1.456688,O=C(CCC)CCCCC
0.2758244,-1.436317,O=C(CCC)OCCCC
0.3856852,-1.201157,O=C(CCC)OCCCC1=CC=CC=C1
0.255847,-1.448153,O=C(CCC)OCCCCC
0.2358696,-1.459989,O=C(CCC)OCCCCCC
0.3391632,-1.242874,O=C(CCCC)OCC/C=C/CC
0.3856852,-1.201157,O=C(CCCC)OCCC1=CC=CC=C1
0.4620944,-1.183372,O=C(CCCCCCC)OCCC1=CC=CC=C1
0.3460124,-1.150748,O=C(CCCO1)CCCCCCCCCCC1=O
0.003108611,-0.8569105,O=C(N(C)C1=C2N(C)C=N1)N(C)C2=O
0.3888671,-1.302719,O=C(O)C1=CC=CC=C1
0.2976345,-1.26261,O=C(O)CC1=CC=CC=C1
0.4182054,-1.220441,O=C(O)CCC1=CC=CC=C1
0.3259574,-1.29523,O=C(O/1)C2=C(C1=C\CC)C=CC=C2
0.4358242,-1.264646,O=C(O1)C2=C(C1=CCCC)C=CC=C2
0.4074615,-1.225002,O=C(O1)CCC2C1C3CC2C(C3)=CC
0.2837537,-1.37232,O=C(OC(C)CCC)CCC
0.3793733,-1.353389,O=C(OC(C1)C2CC1C3C2CC=C3)C(C)C
0.2587347,-1.376673,O=C(OC)C(CC)CCCC
0.3001986,-1.140609,O=C(OC)C1=C(C=CC=C1)NC(C)=O
0.7364497,-1.176456,O=C(OC)C1=C(N=CC2=CC=CC=C2)C=CC=C1
0.5696182,-1.23323,O=C(OC)C1=CC=C(O)C=C1
0.4335688,-1.272189,O=C(OC)C1=CC=CC=C1
0.2931107,-1.071757,O=C(OC)C1=CC=CC=C1N/C=C2CCC(C)=CC/2C
0.2684546,-1.27793,O=C(OC)C1=CC=CO1
0.2774286,-1.260911,O=C(OC)C=C1CCCC1
0.4413322,-1.213868,O=C(OC)C=CC1=CC=CC=C1
0.3879814,-1.179793,O=C(OC)CC1CCCC1CCCCC
0.5259172,-1.065176,O=C(OC)CCCCCCC/C=C\C/C=C\CCCCC
0.6523944,-1.283055,O=C(OC)CCCCCCC/C=C\CCCCCCCC
0.2294213,-1.312799,O=C(OC)OC1CCC/C=C\CC1
0.3886788,-1.344783,O=C(OC)OC1CCCCCCC1
0.3539951,-1.345257,O=C(OC1=CC=C(C)C=C1)C(C)C
0.8189089,-1.269936,O=C(OC1=CC=C(C)C=C1)C2=CC=CC=C2
0.4598649,-1.361451,O=C(OC1=CC=C(C)C=C1)CC2=CC=CC=C2
0.4197526,-1.050204,O=C(OCC(C)C)C1=CC=CC=C1
0.4638228,-1.065075,O=C(OCC(C)C)C=CC1=CC=CC=C1
0.2420675,-1.137922,O=C(OCC(C)C)CC1=CC=CC=C1
0.3320481,-1.272164,O=C(OCC)/C=C/C
0.6338602,-1.173832,O=C(OCC)C(O)CC(OCC)=O
0.2626503,-1.250422,O=C(OCC)C12C3CCC(C3)C1CCC2
0.6021435,-1.245522,O=C(OCC)C1=C(O)C=C(C)C=C1
0.2499833,-1.116318,O=C(OCC)C1=CC=C(OC)C=C1
0.2782042,-1.225944,O=C(OCC)C1=CC=CC=C1
0.2377004,-1.112052,O=C(OCC)C1=CC=CC=C1C(OCC)=O
0.2046546,-1.137922,O=C(OCC)C1=CC=CC=N1
0.388664,-1.338562,O=C(OCC)C1C(O1)C2=CC=CC=C2
0.3798119,-1.232168,O=C(OCC)C=CC1=CC=CC=C1
0.4319223,-1.139412,O=C(OCC)CC(OCC)=O
0.3451941,-1.246255,O=C(OCC)CC1=CC=CC=C1
0.9202972,-1.42121,O=C(OCC)CCCCCCC/C=C\C[C@H](O)CCCCCC
0.2877624,-1.362405,O=C(OCC)CCCCCCCCC=C
0.2700554,-1.315543,O=C(OCC)COC1CCCCC1
0.2329789,-1.118394,O=C(OCC/C=C\CC)C/C=C\CC
0.2970709,-1.378169,O=C(OCC/C=C\CC)C1=CC=CC=C1
0.2945606,-1.345481,O=C(OCC/C=C\CC)CCC
0.5452559,-1.123513,O=C(OCC1=CC=CC=C1)C2=CC=CC=C2
0.4172147,-1.369529,O=C(OCC1=CC=CC=C1)C=CC2=CC=CC=C2
0.5559666,-1.018117,O=C(OCC=C(C)C)C1=CC=CC=C1
0.3003348,-1.245468,O=C(OCC=C)CCC1CCCCC1
0.5600728,-1.159918,O=C(OCC=C)COC1=CC=CC=C1
0.4410924,-1.388918,O=C(OCC=CC1=CC=CC=C1)C=CC2=CC=CC=C2
0.2871346,-1.133627,O=C(OCCC(C)C)C1=CC=CC=C1
0.1558564,-1.309194,O=C(OCCC(C)C)CCCC
0.3084869,-1.409446,O=C(OCCC)CCC
0.4332352,-1.228181,O=C(OCCC1=CC=CC=C1)C2=CC=CC=C2
0.3019012,-1.232056,O=C(OCCC1=CC=CC=C1)CC
0.4344129,-1.20172,O=C(OCCC1=CC=CC=C1)CC2=CC=CC=C2
0.3319796,-1.216297,O=C(OCCC1=CC=CC=C1)CCC
0.3215113,-1.020444,O=C(OCCCC1=CC=CC=C1)/C=C/C2=CC=CC=C2
0.4347371,-1.217676,O=C(OCCCCC)C1=CC=CC=C1
0.3005335,-1.447014,O=C(OCCCCC)CCCC
0.4578411,-1.216056,O=C(OCCCCCC)C1=CC=CC=C1
0.2811943,-1.373582,O=C(OCCCCCCC)CCCCCCCCC=C
0.4677616,-1.130937,O=C(OCCO1)CCCCCCCCCCC1=O
0.500307,-1.125153,O=C(OCCO1)CCCCCCCCCCCC1=O
0.4426845,-1.289193,O=C(O[C@@H]1C[C@H]2C(C)(C)[C@]1(C)CC2)C
0.1620866,-1.185073,O=C([C@H]1CC[C@H](C(OCC)=O)CC1)OCC
0.4883921,-1.237808,O=C/C(CCCCC)=C/C1=CC=CC=C1
0.5880589,-1.167448,O=C/C=C/C1=CC=CC=C1
0.1817424,-1.231184,O=C1C(C(C)CC)CCCC1
0.2845215,-1.292279,O=C1C(C/C=C\CC)C(CC(OC)=O)CC1
0.1314296,-1.153326,O=C1C(CCCC2(C)C)C32CCC1C3
0.3763113,-1.14445,O=C1C(CCCCC)C(CC(OCC)=O)CC1
0.4925394,-1.369582,O=C1C(C[C@@H](C)[C@@H]2CCC(C)=CC2)CCC1
0.1621665,-1.294553,O=C1C(O)=C(CC)OC1C
0.5838183,-1.484427,O=C1C2(CC3)C(CC1)C(C)C(C)(C)C3C2
0.4864978,-1.21837,O=C1C2=C(CC1)C=CC=C2
0.4549783,-1.226261,O=C1C2=CC=CC=C2C(CCCC)O1
0.197966,-1.279152,O=C1C=C(C)CC(CCC)C1
0.4906369,-1.121759,O=C1C=CC2=C(C=C(OC=C3)C3=C2OC)O1
0.1807778,-1.258314,O=C1C=COC(C)=C1O
0.1734324,-1.264888,O=C1C=COC(CC)=C1O
0.4212345,-0.8318974,O=C1CC(C)(C)C(C(C)=O)C(C)(C)C1
0.3686402,-1.3506,O=C1CC(C)C/C=C\CCCCCCCC1
0.2353489,-1.336706,O=C1CC(C)CC(C)=C1
0.382538,-1.399228,O=C1CC2C(C)(C)C1(C)CC2
0.287971,-1.268517,O=C1CCC(C)O1
0.2925264,-1.269273,O=C1CCC(CC)O1
0.2402301,-1.262168,O=C1CCC(CC/C=C\CC)O1
0.3222186,-1.267598,O=C1CCC(CCC)O1
0.3519112,-1.265924,O=C1CCC(CCCC)O1
0.381603,-1.264249,O=C1CCC(CCCCC)O1
0.4112955,-1.262575,O=C1CCC(CCCCCC)O1
0.2520777,-1.234642,O=C1CCC(CCCCCCC)CO1
0.440988,-1.2609,O=C1CCC(CCCCCCC)O1
0.4706798,-1.259227,O=C1CCC(CCCCCCCC)O1
0.4447365,-1.176096,O=C1CCC2(CCC(C)CC2)O1
0.4166975,-1.138542,O=C1CCC2(O1)CCCCC2
0.4220607,-1.227149,O=C1CCC2=C(O1)C=CC=C2
0.4575408,-1.219302,O=C1CCC2C(O1)CCCC2
0.377689,-1.129611,O=C1CCC=C1CCCCC
0.3997572,-1.118651,O=C1CCC=C1CCCCCC
0.5716869,-1.278898,O=C1CCCC(C(C)(C)C2C)=C1C2(C)C
0.2477366,-1.26412,O=C1CCCC(C/C=C\CC)O1
0.3887136,-1.178736,O=C1CCCC(CC/C=C/C)O1
0.3519112,-1.265924,O=C1CCCC(CCC)O1
0.381603,-1.264249,O=C1CCCC(CCCC)O1
0.4112959,-1.262575,O=C1CCCC(CCCCC)O1
0.4409879,-1.2609,O=C1CCCC(CCCCCC)O1
0.47068,-1.259227,O=C1CCCC(CCCCCCC)O1
0.3646671,-1.151726,O=C1CCCC1CC=C(C)CCC=C(C)C
0.3507059,-1.112277,O=C1CCCC1CCCCC
0.3631902,-1.072577,O=C1CCCC1CCCCCCC
0.4755298,-1.218705,O=C1CCCC2C1C3CC2C=C3
0.3129469,-1.284996,O=C1CCCCC1
0.2828079,-1.314418,O=C1CCCCC1C2=CCCCC2
0.3910201,-1.346085,O=C1CCCCCCC/C=C\CCCCCC1
0.326276,-1.319359,O=C1CCCCCCC/C=C\CCCCCCO1
0.46266,-1.301329,O=C1CCCCCCCC/C=C/CC(C)C1
0.3067396,-1.224435,O=C1CCCCCCCC=CCC(C)CCO1
0.5808603,-1.212837,O=C1CCCCCCCC=CCCCCCCC1
0.372319,-1.339791,O=C1CCCCCCCCCC/C=C\CC1
0.3747001,-1.217938,O=C1CCCCCCCCCC=CCCCO1
0.5531484,-1.219379,O=C1CCCCCCCCCCC=CCCC1
0.3847813,-1.135741,O=C1CCCCCCCCCCCCCC1
0.3927626,-1.119156,O=C1CCCCCCCCCCCCCCC1
0.2126967,-1.188252,O=C1CCCCCCCCCCCCCCCO1
0.2187698,-1.19453,O=C1CCCCCCCCCCCCCCO1
0.2369896,-1.213366,O=C1CCCCCCCCCCCO1
0.2855762,-1.263597,O=C1CCCO1
0.2340831,-1.217909,O=C1CCOC1C
0.5676071,-1.415219,O=C1C[C@@H](C)[C@](C)(C2)C(CCC2=C(C)C)=C1
0.5549468,-1.416015,O=C1C[C@@H](C)[C@](C)(C[C@H](C(C)=C)CC2)C2=C1
0.3336698,-1.152755,O=C1C[C@@]([C@@H]2C[C@H]3CC2)([H])[C@@]3([H])CC1C
0.3126013,-1.455881,O=C1C[C@H](C)CCC1=C(C)C
0.6195351,-1.475579,O=C1OC2=CC=CC=C2C=C1
0.1817891,-1.299141,O=C1OCC(CCC)CC1
0.2265458,-1.262915,O=C1OCCCCCOCCCCCCCCC1
0.5815838,-1.159997,O=C1[C@@H](CCCCC)[C@H](CC(OC)=O)CC1
0.3959803,-1.328986,O=CC(C)(C=C)CC=C(C)C
0.4551953,-1.26718,O=CC(C)CCC1=CC=CC=C1
0.4171244,-1.45794,O=CC(CC)CCCC
0.4361382,-1.198981,O=CC(CCCC)=CC1=CC=CC=C1
0.493238,-1.178537,O=CC(CCCCCC)=CC1=CC=CC=C1
0.3296677,-1.327483,O=CC/C=C\CC
0.4368251,-1.233715,O=CC1=C(O)C=CC=C1
0.2376642,-0.9800434,O=CC1=CC(OC)=C(OC(C(C)C)=O)C=C1
0.392796,-1.273917,O=CC1=CC=C(CC)C=C1
0.1751802,-1.219871,O=CC1=CC=C(OC)C(OC)=C1
0.3376632,-1.184301,O=CC1=CC=C(OCO2)C2=C1
0.3486411,-1.333794,O=CC1=CC=CC=C1
0.2383104,-1.274735,O=CC1=CC=CO1
0.4672059,-1.377994,O=CC1=CCC2C(C)(C)C1C2
0.2637377,-1.230321,O=CC1CC(CCCC(C)(C)O)=CCC1
0.5176984,-1.244668,O=CC1CC2C3CCC(C2C1)C3
0.3921073,-1.227368,O=CCC1=CC=CC=C1
0.4576082,-1.234822,O=CCCC1=CC(CCC2(C)C)=C2C=C1
0.420496,-1.224729,O=CCCC1=CC=CC=C1
0.3615781,-1.333053,O=CCCC1=CCC(C)(C)CC1
0.4224071,-1.27482,O=CCCC=C1CC2CC1C3C2CCC3
0.4479884,-1.445328,O=CCCCCC
0.5795817,-1.402019,O=CCCCCCCCCC
0.3753625,-1.212283,O=CCOC1=CC=C(C)C=C1
0.376794,-1.156977,O=CCOC1=CC=CC=C1
0.2680039,-1.218292,O=COC1CCC2C(CCCC2)C1
0.08878106,-1.284743,O=COC1CCCCCCCCCCC1
0.3007356,-1.407286,O=COCC
0.3077778,-1.275814,O=COCC/C=C\CC
0.3762669,-1.250084,O=COCC1=CC=C(OC)C=C1
0.3119321,-1.231436,O=COCC1=CC=CC=C1
0.2905418,-1.423408,O=COCCC(C)C
0.3395981,-1.169695,O=COCCC1=CC=CC=C1
0.1704043,-1.459666,O=COCCCCCC
0.4580461,-1.072597,O=C[C@@H]1CC(C)=CC[C@H]1C
0.3666594,-1.249629,OC(/C=C/C1=CC=CC=C1)=O
0.3832439,-1.394996,OC(C(C1C)=O)=C(CC1)C(C)C
0.4521656,-1.107133,OC(C(OCC)=O)C(O)C(OCC)=O
0.43594,-1.530824,OC(C)C
0.2722126,-1.458371,OC(C)C(C)=O
0.3997027,-1.340631,OC(C)CC(OCC)=O
0.2782993,-1.519538,OC(C)CCC=C(C)C
0.1488958,-0.7629651,OC(C)COC(C)COC(C)COC
0.3135807,-1.419489,OC(C=CC(CCC(C)=O)=C1)=C1OC
0.09562876,-1.37586,OC(C=CC=C1)=C1C(OCC/C=C\CC)=O
0.2992953,-1.072922,OC(C=CC=C1)=C1C(OCCC2=CC=CC=C2)=O
0.1443885,-1.238926,OC(C=CC=C1)=C1OC
-0.06266387,-1.15913,OC(CC(CC(O)=O)(O)C(O)=O)=O
0.4728152,-1.354573,OC(CC(CC)=O)CC(CCC=C(C)C)C
0.2402618,-1.369339,OC(CC)C1CCCC/C=C\C1
0.354833,-1.486293,OC(CC)CCC
0.3970965,-1.338763,OC(CC1)CCC1CCC(C)C
0.2980345,-1.380255,OC(CCC)=O
0.3465267,-1.283175,OC(CCC)CC1=CC=CC=C1
0.3257668,-1.30209,OC(CCCCC)CCCC(OCC)=O
0.4441726,-1.265983,OC(CCCCCCCCC=C)=O
0.2570907,-1.325969,OC(CO)CO
0.0795298,-1.235838,OC(COCC)C1=CC=CC=C1
0.4556187,-1.223489,OC/C=C/C1=CC=CC=C1
0.1701583,-1.056733,OC/C=C/CC/C=C\CC
0.2760192,-1.308229,OC1(C)CCCC(CC(C)C)C1
0.1700517,-1.490448,OC1(CCC2)C3C(CCC2(C)C1)C(C)(C)C3
0.3290497,-1.200214,OC1(CCCC2)[C@@]2(C)CCC[C@@H]1C
0.3585127,-0.9998071,OC1=C(C(=O)OC(CC(=C)C)C)C=CC=C1
0.393184,-1.222013,OC1=C(C(C)=O)C=CC=C1
0.4231358,-1.212126,OC1=C(C(OCCCCC)=O)C=CC=C1
0.2555086,-1.326774,OC1=C(C)C(O)=C(C(OC)=O)C(C)=C1
0.3846901,-1.296108,OC1=C(C)C=CC=C1
0.2562618,-1.226073,OC1=C(C)OC(C)C1=O
0.3938966,-1.325691,OC1=C(C=C(C)C=C1)OC
0.4136063,-1.394223,OC1=C(C=CC=C1)C(C)C
0.3495434,-1.21858,OC1=C(OC)C=C(C(OC)=O)C=C1
0.3925596,-1.259802,OC1=C(OC)C=C(CC(C)=O)C=C1
0.4065768,-1.28725,OC1=C(OC)C=C(CC=C)C=C1OC
0.3373857,-1.329534,OC1=C(OC)C=CC=C1OC
0.2733757,-1.289295,OC1=C(OCC)C=C(C)C=C1
0.3027914,-1.27202,OC1=CC(/C=C/C)=CC=C1OCC
0.4416889,-1.368284,OC1=CC(C)=CC(O)=C1
0.3051657,-1.295642,OC1=CC(CCC)=CC=C1
0.3116519,-1.34351,OC1=CC(OC)=CC(C)=C1
0.59045,-1.409826,OC1=CC2=CC=CC=C2C=C1
0.393184,-1.222013,OC1=CC=C(C(C)=O)C=C1
0.3371275,-1.315848,OC1=CC=C(C(C)=O)C=C1OC
0.4565934,-1.245228,OC1=CC=C(C=O)C=C1
0.4048607,-1.241589,OC1=CC=C(CCC(C)=O)C=C1
0.4339893,-1.218813,OC1=CC=C2C(CCC2)=C1
0.3387765,-1.366026,OC1=CC=CC=C1
0.381483,-1.399707,OC1=CC=CC=C1C(C)(C)C
0.4887843,-1.337964,OC1=CC=CC=C1C(OC)=O
0.4424662,-1.219286,OC1=CC=CC=C1C(OC2CCCCC2)=O
0.4062469,-1.21341,OC1=CC=CC=C1C(OCC(C)C)=O
0.68812,-1.306924,OC1=CC=CC=C1C(OCC2=CC=CC=C2)=O
0.4484565,-1.283625,OC1=CC=CC=C1C(OCCCCCC)=O
0.2595399,-1.342714,OC1C(C)(C)COC1=O
0.3925802,-1.293193,OC1C(CCCCC)CCC1
0.2045998,-1.512257,OC1C2(C)CC(C1)C3CC(C)=CC23
0.2058672,-1.204456,OC1CCC(C(C)C)CC1
0.3474043,-1.252519,OC1CCC2C(CCCC2)C1
0.375771,-1.314083,OC1CCCCC1
0.06076949,-1.216859,OC1CCCCC1C(CC2C3(C)C)C3(CC2)C
0.2273686,-1.25557,OC=1C(CC(C1C)(C)C)=O
0.299056,-1.277642,OCC(C)OC(CO)C
0.377059,-1.211996,OCC(OC)C1=CC=CC=C1
0.2130397,-1.296068,OCC1=CC=C2OCOC2=C1
0.2368456,-1.321084,OCC1=CC=CC=C1
0.3420002,-1.426698,OCCC(O)C
0.4033973,-1.27532,OCCC1=CC=C(O)C=C1
0.2766622,-1.248282,OCCC1=CC=CC=C1
0.4610833,-1.328095,OCCC1CCCCC1
0.2918703,-1.250961,OCCCC1=CC=CC=C1
0.1666498,-1.354458,OCCN(CCO)CCO
0.2123997,-1.181191,OCCOC1=CC=CC=C1
0.2926989,-1.392636,OCCOCCO
0.04538441,-1.339191,OC[C@@H](CC[C@H]1C2)[C@H]2C1(C)C
0.4635358,-1.319788,OC[C@H](CC1)C(C(C)(C)[C@@H]2C3)(C4C2)[C@@]34C1(C)C
0.04276161,-1.332999,OC[C@H](CC[C@H]1C2)[C@H]2C1(C)C
0.4141254,-1.199119,ON=CCC1=CC=CC=C1
0.08146348,-1.202329,O[C@@](CC[C@]1([H])C(C)(C)CC2)(C)C[C@@]31[C@H]2O3
0.6037123,-1.122097,O[C@@]1([C@@H](C(C)C)CC2)[C@@]2(C)CC=C(C)CC1
0.251536,-0.9807796,O[C@H]1CO[C@@H](OC1)CC2=CC=CC=C2
0.2692617,-1.106396,O[C@H]1CO[C@H](CCCCCC)OC1
0.2286312,-1.211885,O[C@H]1C[C@H]2CC[C@]1(C)C2(C)C
0.2836907,-1.284271,SC(C)(C)CC(C)=O
0.2001554,-1.217547,SCC1=CC=CO1
0.2049304,-1.261307,[H][C@@](C(C)(C)[C@@H]1C2)(CC[C@H]3C)[C@]23CCC1=C
0.4352375,-1.386706,[H][C@@](CC1)(C(C2(C)C)=C)[C@]3(CC[C@@H]2C3)C1=O
0.110311,-1.390858,[H][C@@]([C@H]1[C@@H]2C1(C)C)([C@](O)(C)CC3)[C@]3([H])C(CC2)=C
-0.3662088,-1.22852,[H][C@@]([C@]1([H])[C@H](C2(C)C)[C@H]2CC3)(CC[C@H]1C)[C@]3(O)C
0.6355376,-1.123045,[H][C@@]1(C(C2(C)C)=C)[C@]3(CC[C@@H]2C3)[C@@H](C=O)CC1
0.5349157,-1.158588,[H][C@@]1(C(C2(C)C)=C)[C@]3(CC[C@@H]2C3)[C@@H](CO)CC1
0.5211818,-1.272853,[H][C@@]1(C(C2(C)C)=C)[C@]3(CC[C@@H]2C3)[C@H](C=O)CC1
0.4439155,-1.287314,[H][C@@]1(C2)[C@@]3(C(C)=CC[C@H]2C3(C)C)CC[C@@H]1C
0.5213681,-1.163358,[H][C@@]1(CC2)C[C@@H](C3)C(C)(C)[C@@H]3C1=CC2=O
0.2594594,-0.8807759,[H][C@@]1(CCC2)[C@@H]3C[C@@H](COC(C)=O)[C@H]([C@@]12[H])C3
0.06979991,-0.8243216,[H][C@@]1(CCC2)[C@@H]3C[C@@H](COC=O)[C@H]([C@@]12[H])C3
0.5480124,-1.241503,[H][C@@]1(CC[C@H]2C)[C@@]2(C3)CC=C(C)[C@@H]3C1(C)C
0.4866347,-1.139144,[H][C@@]1([C@H](C)C2(C)C)[C@]3(CC[C@@H]2C3)[C@@H](C=O)CC1
0.4130834,-1.199703,[H][C@@]1([C@H](C)C2(C)C)[C@]3(CC[C@@H]2C3)[C@H](C=O)CC1
0.1621743,-1.369775,[H][C@@]1([C@H](C)CC2)C([C@H]3[C@@H]2C3(C)C)=C(C)CC1
0.1006835,-1.234498,[H][C@@]1([C@H](C)CC2)[C@@]3([C@H](C)CC1)C[C@@H]2C(C)(C)O3
0.3102882,-1.343187,[H][C@@]12C(CC[C@H]2C)=C(C)CC[C@@H]3[C@H]1C3(C)C
0.3018282,-1.102846,[H][C@]1(C(C)(C)CCC2)[C@@]2(C)[C@@H](CC[C@@]3(C)O4)[C@]4(CO3)CC1
0.2789992,-1.287925,[H][C@]1(C2(C)C)[C@]3(CC[C@@](C)(OC(C)=O)[C@@H]2C3)[C@H](C)CC1
0.2444859,-1.077887,[H][C@]1(C2(C)C)[C@]3(C[C@H](O4)[C@@]4(C)[C@@H]2C3)[C@H](C)CC1
-0.3233821,-1.078373,[H][C@]1(C2=C)[C@](CC2)([H])[C@@]3(C)[C@@]1([C@H](C(C)C)CC3)[H]
0.3200419,-1.345363,[H][C@]1(CC2(C)C)[C@@]2([H])CC/C(C)=C/CCC1=C
0.2512759,-1.426543,[H][C@]1(CC2(C)C)[C@@]2([H])CC[C@@]3(C)C[C@]1(OC(C)=O)CCC3
0.1845904,-1.355138,[H][C@]1(CC2(C)C)[C@@]2([H])CC[C@](O3)(C)[C@@]3([H])CCC1=C
0.4413582,-1.167848,[H][C@]1(CC[C@H]2C)C2=C[C@H](C(C)=C)CC[C@H]1C
0.09924057,-0.8413717,[H][C@]1([C@@H]2C[C@H]3C[C@H]2O)CC=C[C@@]31[H]
0.1005463,-1.152045,[H][C@]1([C@](C)(O)CC[C@@H](C(C)=C)C2)[C@]2([H])[C@@H](C)CC1
0.3770694,-1.123102,[H][C@]12C(CC[C@@H]2C)=C(C)CC[C@@H](C(C)(O)C)C1
0.005337955,-0.9059218,[No]1[No][No]1
0.005884619,-1.237408,[O-][N+](CCC1=CC=CC=C1)=O
0.3523365,-1.413434,null
